Company,City,Country,Name,Age,Salary (INR)
Infosys,Vadodara,India,Ravi Malhotra,49,632888
BSNL,Chennai,India,Divya Tiwari,59,1176895
Ola,Rajkot,India,Ashok Pandey,52,652709
Wipro,Pune,India,Sanjay Jain,48,616107
Paytm,Surat,India,Suresh Pandey,26,423173
Zomato,Kolkata,India,Meera Sharma,46,981605
Axis Bank,Nagpur,India,Ashok Bansal,24,
BSNL,Indore,India,Kiran Trivedi,54,620492
Uber,Chennai,India,Ravi Trivedi,25,516248
HCL,Ahmedabad,India,Shikha Kumar,46,1550469
Uber,Hyderabad,India,Anil Goyal,,300000
BSNL,Mumbai,India,Ajay Sharma,55,997268
Accenture,Chennai,India,Suresh Malhotra,47,1316561
Kotak Bank,Bangalore,India,Suresh Shah,26,300000
Byju's,Jaipur,India,Rashmi Patel,56,1117656
Infosys,Ahmedabad,India,Kiran Arora,49,711898
HDFC Bank,Mumbai,India,Sneha Shah,50,902421
Zomato,Kalyan,India,Meera Mehta,30,670704
Swiggy,Pune,India,Rashmi Bhatia,59,1230157
Microsoft,Jaipur,India,Amit Bhatia,27,945247
Swiggy,Kolkata,India,Sunita Patel,40,852687
Ola,Chennai,India,Kiran Srivastava,32,440455
Kotak Bank,Nagpur,India,Priya Srivastava,23,1552916
Axis Bank,Visakhapatnam,India,Rashmi Singh,30,803972
HCL,Vasai,India,Deepika Khurana,42,1715922
Flipkart,Delhi,India,Rekha Kapoor,45,1571027
Airtel,Vasai,India,Anita Mishra,55,300000
Reliance,Hyderabad,India,Priya Sharma,43,538021
Accenture,Kanpur,India,Neha Srivastava,24,385219
Vodafone,Kalyan,India,Kiran Mishra,33,780717
Accenture,Ludhiana,India,Rahul Gupta,49,874865
Google,Ahmedabad,India,Deepika Goyal,51,891970
Jio,Pune,India,Shikha Goyal,47,1221651
Cognizant,Ahmedabad,India,Sunita Khurana,42,1397433
Tech Mahindra,Patna,India,Ashok Thakur,49,1186995
Axis Bank,Bangalore,India,Deepika Malhotra,47,575625
Zomato,Agra,India,Vivek Chopra,54,487190
Axis Bank,Kanpur,India,Rohit Saxena,42,801104
Google,Varanasi,India,Manoj Chauhan,56,970447
BSNL,Rajkot,India,Manoj Saxena,55,726723
Paytm,Bangalore,India,Kavya Gupta,39,300000
TCS,Agra,India,Neha Tiwari,32,1072823
Kotak Bank,Pune,India,Neha Pandey,44,643074
Tech Mahindra,Delhi,India,Nisha Patel,43,630994
BigBasket,Nashik,India,Sanjay Yadav,38,778154
HCL,Kanpur,India,Rekha Bansal,26,704040
Airtel,Delhi,India,Rekha Mehta,32,653399
IBM,Pune,India,Sanjay Agarwal,51,300000
BigBasket,Visakhapatnam,India,Rekha Arora,36,755101
Vodafone,Bangalore,India,Anil Patel,48,1081181
ICICI Bank,Delhi,India,Deepika Agarwal,56,905857
HDFC Bank,Nashik,India,Ajay Kapoor,54,1179248
Myntra,Srinagar,India,Divya Patel,41,508581
Paytm,Ghaziabad,India,Vivek Kapoor,37,300000
Zomato,Ahmedabad,India,Amit Goyal,55,701660
Amazon,Agra,India,Vikram Saxena,23,554305
Google,Kanpur,India,Anil Khurana,56,595866
TCS,Rajkot,India,Ravi Bansal,49,884699
Kotak Bank,Chennai,India,Kiran Patel,60,598767
Reliance,Hyderabad,India,Arjun Joshi,27,300000
Microsoft,Nagpur,India,Ravi Thakur,30,576402
Ola,Varanasi,India,Swati Agarwal,41,936023
Reliance,Thane,India,Sneha Sharma,22,1068592
Wipro,Meerut,India,Vivek Rajput,29,1064569
Axis Bank,Nashik,India,Neha Saxena,44,969789
Cognizant,Bhopal,India,Pooja Arora,24,732762
Accenture,Surat,India,Swati Goyal,25,961965
Accenture,Srinagar,India,Shikha Chauhan,46,783065
ICICI Bank,Srinagar,India,Arjun Verma,59,845238
Swiggy,Meerut,India,Shikha Bansal,36,424269
SBI,Nashik,India,Kiran Malhotra,42,817549
Ola,Bhopal,India,Priya Gupta,56,951466
Microsoft,Kanpur,India,Divya Sethi,35,936450
Wipro,Visakhapatnam,India,Neha Kumar,57,300000
BigBasket,Bhopal,India,Sanjay Verma,33,838504
Reliance,Kanpur,India,Neha Rajput,38,300000
Ola,Ahmedabad,India,Ravi Malhotra,60,869470
Vodafone,Ghaziabad,India,Deepika Verma,30,519465
Airtel,Bangalore,India,Ashok Malhotra,56,1482257
Amazon,Bhopal,India,Meera Arora,34,847697
Wipro,Srinagar,India,Sanjay Joshi,36,1120465
Uber,Nagpur,India,Amit Rajput,39,1644349
Uber,Nashik,India,Pooja Gupta,54,473039
BSNL,Vasai,India,Rohit Patel,27,974269
Ola,Vadodara,India,Sneha Agarwal,48,325635
Axis Bank,Ahmedabad,India,Swati Tiwari,44,937958
Wipro,Agra,India,Meera Patel,48,1506283
Wipro,Hyderabad,India,Sneha Trivedi,55,548846
Cognizant,Ghaziabad,India,Priya Goyal,59,445618
Paytm,Ahmedabad,India,Rekha Yadav,35,763530
Axis Bank,Faridabad,India,Anita Yadav,57,1618326
Vodafone,Kanpur,India,Sunita Chopra,29,1108415
Swiggy,Mumbai,India,Kavya Yadav,56,438034
Kotak Bank,Meerut,India,Sneha Bansal,40,1382024
Microsoft,Srinagar,India,Sunita Saxena,51,300000
HCL,Ludhiana,India,Ashok Thakur,35,1654623
Zomato,Ghaziabad,India,Swati Chauhan,41,1142580
Accenture,Pune,India,Shikha Chauhan,46,1505422
TCS,Agra,India,Deepika Chopra,45,300000
Google,Patna,India,Priya Yadav,35,867776
Microsoft,Ahmedabad,India,Kavya Srivastava,47,746444
Axis Bank,Kolkata,India,Rekha Chopra,59,397208
Wipro,Mumbai,India,Sneha Shah,44,300000
Airtel,Ludhiana,India,Pooja Kumar,43,1002832
Jio,Bhopal,India,Nisha Shah,40,1039092
Vodafone,Kanpur,India,Sanjay Kumar,24,1319989
Microsoft,Pune,India,Meera Rajput,40,598631
Wipro,Ghaziabad,India,Pooja Thakur,30,743356
Kotak Bank,Delhi,India,Ajay Singh,49,300000
TCS,Varanasi,India,Neha Singh,41,1416314
Flipkart,Indore,India,Vivek Khurana,28,827819
Amazon,Chennai,India,Rekha Sethi,35,1089035
Microsoft,Mumbai,India,Meera Kapoor,30,1103162
Swiggy,Nashik,India,Kiran Sethi,40,1383642
IBM,Patna,India,Nisha Bhatia,35,467440
Kotak Bank,Nagpur,India,Manish Bansal,59,1079034
Accenture,Delhi,India,Swati Bansal,57,789996
Google,Jaipur,India,Sanjay Tiwari,38,1642270
Airtel,Ludhiana,India,Kiran Gupta,51,466254
TCS,Delhi,India,Rashmi Kapoor,30,1268570
Axis Bank,Kalyan,India,Shikha Arora,54,940136
Jio,Meerut,India,Vivek Verma,46,919142
Swiggy,Jaipur,India,Neha Sethi,35,821608
Cognizant,Mumbai,India,Neha Srivastava,32,1338666
IBM,Lucknow,India,Neha Tiwari,56,905540
Airtel,Bangalore,India,Manish Agarwal,35,300000
Accenture,Ghaziabad,India,Arjun Sharma,51,1287801
Byju's,Srinagar,India,Ashok Gupta,25,1214480
Reliance,Nashik,India,Sanjay Jain,25,1034855
Uber,Rajkot,India,Manish Mishra,49,348610
Cognizant,Chennai,India,Rahul Bhatia,29,410753
Accenture,Patna,India,Vivek Pandey,23,300000
Jio,Nashik,India,Ravi Patel,43,984131
Byju's,Pune,India,Arjun Malhotra,37,300000
Paytm,Bangalore,India,Rashmi Pandey,50,300000
Jio,Agra,India,Rahul Bhatia,51,1309995
Accenture,Lucknow,India,Deepika Trivedi,33,1107271
Paytm,Thane,India,Meera Khurana,56,666731
Ola,Agra,India,Rashmi Jain,32,746381
Uber,Vasai,India,Suresh Bhatia,42,300000
IBM,Hyderabad,India,Anil Thakur,42,1166697
Paytm,Ghaziabad,India,Rohit Saxena,26,522907
BSNL,Surat,India,Meera Thakur,41,932116
Vodafone,Kanpur,India,Amit Srivastava,58,300000
Myntra,Thane,India,Amit Saxena,24,1191027
Reliance,Visakhapatnam,India,Rahul Rajput,54,498862
Wipro,Surat,India,Manoj Goyal,30,300000
Axis Bank,Pune,India,Vikram Yadav,30,664159
IBM,Patna,India,Kavya Chopra,25,561441
TCS,Nagpur,India,Ravi Sethi,56,1229707
IBM,Bangalore,India,Shikha Malhotra,38,631841
Airtel,Srinagar,India,Arjun Bhatia,55,1345046
Paytm,Faridabad,India,Neha Kumar,45,932057
Paytm,Surat,India,Ravi Sharma,53,1157747
Infosys,Srinagar,India,Arjun Shah,22,799133
Cognizant,Indore,India,Meera Malhotra,29,1308823
Axis Bank,Pune,India,Deepika Singh,44,338550
Myntra,Bangalore,India,Priya Sethi,33,845449
Byju's,Bhopal,India,Rahul Joshi,33,641425
IBM,Kolkata,India,Nisha Saxena,36,1358651
Jio,Ghaziabad,India,Ajay Saxena,40,1399613
Infosys,Indore,India,Ajay Rajput,47,800168
Airtel,Jaipur,India,Rekha Srivastava,50,300000
Airtel,Thane,India,Rashmi Pandey,43,970838
Byju's,Ludhiana,India,Vikram Bhatia,42,300000
Microsoft,Bangalore,India,Amit Arora,59,1450457
Paytm,Delhi,India,Deepika Chauhan,41,610731
Google,Kalyan,India,Meera Pandey,50,787771
Paytm,Delhi,India,Sunita Rajput,25,527619
Kotak Bank,Bangalore,India,Manoj Patel,28,439287
HDFC Bank,Patna,India,Amit Trivedi,49,1094916
Amazon,Indore,India,Rahul Bhatia,49,736553
HCL,Ghaziabad,India,Amit Pandey,25,816993
Airtel,Patna,India,Vikram Khurana,43,398443
Cognizant,Surat,India,Sanjay Rajput,33,1142423
Jio,Meerut,India,Pooja Bansal,24,1183115
Tech Mahindra,Delhi,India,Amit Mehta,43,716428
Accenture,Meerut,India,Rahul Singh,23,1307168
Google,Varanasi,India,Vikram Saxena,45,758350
Paytm,Agra,India,Shikha Chauhan,55,1111902
Reliance,Mumbai,India,Ajay Pandey,48,300000
Kotak Bank,Chennai,India,Pooja Yadav,22,941372
Myntra,Indore,India,Ravi Saxena,29,691407
SBI,Mumbai,India,Manoj Arora,44,862208
Amazon,Indore,India,Arjun Trivedi,59,844272
Amazon,Bhopal,India,Sanjay Kapoor,27,850279
Google,Agra,India,Sanjay Bhatia,43,1046280
HDFC Bank,Indore,India,Shikha Agarwal,46,573930
BSNL,Varanasi,India,Kavya Singh,39,1027631
Tech Mahindra,Ghaziabad,India,Neha Bansal,38,1293009
Uber,Bangalore,India,Manish Saxena,33,300000
HCL,Bangalore,India,Anil Thakur,27,487783
TCS,Jaipur,India,Ravi Chauhan,47,504585
Zomato,Pune,India,Rohit Gupta,48,363181
Paytm,Meerut,India,Divya Arora,29,610120
Vodafone,Nagpur,India,Ashok Verma,40,1213247
Flipkart,Ludhiana,India,Sneha Mehta,22,1379034
Tech Mahindra,Delhi,India,Rekha Thakur,50,842469
TCS,Ahmedabad,India,Vikram Malhotra,56,670305
Paytm,Ludhiana,India,Ajay Mehta,35,1121169
Zomato,Delhi,India,Ravi Srivastava,56,300000
Airtel,Chennai,India,Manish Bhatia,41,377928
Ola,Meerut,India,Sanjay Goyal,34,300000
Microsoft,Thane,India,Suresh Mishra,59,373720
Ola,Chennai,India,Ashok Thakur,29,493192
IBM,Nagpur,India,Sneha Malhotra,41,1391072
TCS,Vasai,India,Manish Trivedi,54,300000
Jio,Kanpur,India,Ravi Joshi,47,633318
Axis Bank,Vasai,India,Manoj Thakur,60,1047826
Paytm,Nagpur,India,Anil Kumar,42,964292
Wipro,Indore,India,Sunita Verma,30,1384695
Byju's,Ghaziabad,India,Neha Singh,45,864420
Cognizant,Patna,India,Priya Jain,58,949711
Myntra,Varanasi,India,Kavya Trivedi,38,300000
BSNL,Vasai,India,Manish Kapoor,45,404692
Tech Mahindra,Pune,India,Rekha Saxena,42,300000
Amazon,Varanasi,India,Vivek Kumar,60,1029043
Microsoft,Lucknow,India,Kiran Saxena,60,939476
TCS,Srinagar,India,Anita Srivastava,34,925415
Jio,Delhi,India,Neha Patel,32,447426
Jio,Vasai,India,Neha Saxena,40,410820
Swiggy,Nashik,India,Deepika Shah,32,883778
BSNL,Vadodara,India,Deepika Shah,34,532245
Accenture,Vadodara,India,Divya Malhotra,22,391838
Vodafone,Hyderabad,India,Rekha Mishra,40,596644
ICICI Bank,Vadodara,India,Rekha Bansal,33,535703
HCL,Delhi,India,Suresh Verma,29,453310
BigBasket,Surat,India,Shikha Jain,29,309692
HCL,Meerut,India,Ajay Gupta,33,979475
Uber,Delhi,India,Neha Agarwal,54,1422419
HCL,Srinagar,India,Vivek Joshi,47,784398
Airtel,Lucknow,India,Ravi Bhatia,60,888973
Ola,Patna,India,Rekha Patel,49,1014551
Flipkart,Varanasi,India,Rahul Khurana,26,946626
ICICI Bank,Faridabad,India,Rahul Rajput,29,461235
Ola,Thane,India,Vivek Khurana,46,1487938
Amazon,Jaipur,India,Manoj Trivedi,48,497075
ICICI Bank,Nashik,India,Rekha Agarwal,44,1059235
Infosys,Vadodara,India,Vivek Gupta,51,1012076
ICICI Bank,Jaipur,India,Divya Thakur,44,300000
Reliance,Bangalore,India,Manish Sharma,41,656461
Axis Bank,Ludhiana,India,Arjun Tiwari,39,822651
Airtel,Jaipur,India,Amit Srivastava,39,853260
Uber,Vasai,India,Ravi Tiwari,23,920568
Uber,Srinagar,India,Anita Agarwal,25,1103065
Zomato,Indore,India,Meera Agarwal,51,796993
Swiggy,Vadodara,India,Manoj Chauhan,54,941847
Vodafone,Kolkata,India,Arjun Chopra,57,782018
Flipkart,Bhopal,India,Rekha Kumar,39,393066
HCL,Bhopal,India,Vikram Goyal,58,812960
Airtel,Vasai,India,Rahul Yadav,40,1099635
Wipro,Mumbai,India,Anil Goyal,49,1243515
BigBasket,Chennai,India,Kavya Goyal,41,1014926
Vodafone,Chennai,India,Deepika Goyal,54,1333740
Flipkart,Kolkata,India,Rashmi Rajput,33,967545
Tech Mahindra,Ahmedabad,India,Sanjay Chauhan,36,1145551
Vodafone,Visakhapatnam,India,Manoj Jain,60,1174956
Google,Hyderabad,India,Sunita Chauhan,23,710659
Infosys,Kolkata,India,Rashmi Singh,50,1090401
Cognizant,Vasai,India,Arjun Bansal,31,423742
Swiggy,Ghaziabad,India,Divya Shah,23,939924
Swiggy,Varanasi,India,Rohit Gupta,32,1030810
Myntra,Ghaziabad,India,Rekha Kumar,34,1220438
Google,Chennai,India,Rohit Rajput,31,1128303
Reliance,Vasai,India,Shikha Agarwal,35,1225645
SBI,Pune,India,Divya Patel,39,760247
Reliance,Kolkata,India,Deepika Joshi,30,661842
TCS,Patna,India,Rekha Arora,60,690040
Zomato,Hyderabad,India,Ravi Yadav,49,906513
TCS,Ghaziabad,India,Priya Kumar,24,300000
Vodafone,Srinagar,India,Amit Saxena,41,1332702
HCL,Varanasi,India,Rohit Agarwal,27,817549
Ola,Bangalore,India,Vikram Srivastava,48,633999
Wipro,Kolkata,India,Rohit Malhotra,23,300000
Paytm,Kalyan,India,Rashmi Goyal,50,785274
Microsoft,Vasai,India,Rohit Rajput,59,720609
Tech Mahindra,Agra,India,Manoj Agarwal,24,441181
Swiggy,Indore,India,Rohit Bansal,37,530781
SBI,Kolkata,India,Priya Goyal,51,789345
Vodafone,Hyderabad,India,Priya Thakur,23,564705
Vodafone,Varanasi,India,Neha Patel,38,1028751
Google,Agra,India,Sunita Saxena,33,500486
BigBasket,Hyderabad,India,Ajay Yadav,56,861843
TCS,Srinagar,India,Vikram Shah,22,1272018
Swiggy,Nashik,India,Rahul Bhatia,36,785361
Zomato,Delhi,India,Rahul Bansal,47,942390
BigBasket,Srinagar,India,Anil Trivedi,58,917060
ICICI Bank,Kalyan,India,Rekha Mishra,42,803198
Google,Ludhiana,India,Priya Gupta,52,773197
Airtel,Agra,India,Kiran Agarwal,46,571450
Wipro,Pune,India,Deepika Bhatia,44,860404
Ola,Thane,India,Shikha Srivastava,45,686692
BSNL,Ludhiana,India,Anita Kumar,59,1418436
Flipkart,Surat,India,Ajay Bansal,49,1124457
Axis Bank,Nashik,India,Sneha Joshi,42,300000
Jio,Rajkot,India,Ajay Sharma,39,300000
Vodafone,Faridabad,India,Suresh Joshi,57,747816
HDFC Bank,Kolkata,India,Rashmi Malhotra,56,641877
Swiggy,Hyderabad,India,Manoj Mishra,30,726722
Byju's,Mumbai,India,Rohit Saxena,59,1060464
Accenture,Nagpur,India,Anita Sharma,51,926294
Airtel,Ludhiana,India,Rashmi Bhatia,55,922251
BigBasket,Rajkot,India,Vikram Pandey,53,1378477
Cognizant,Patna,India,Divya Agarwal,24,300000
Myntra,Nagpur,India,Priya Gupta,24,841575
Kotak Bank,Ludhiana,India,Anita Goyal,49,568378
Accenture,Ludhiana,India,Sunita Yadav,36,1374174
Wipro,Patna,India,Suresh Kumar,44,300000
Airtel,Hyderabad,India,Nisha Trivedi,32,300000
Infosys,Nagpur,India,Nisha Yadav,53,921854
Reliance,Chennai,India,Rahul Singh,57,1250518
Jio,Visakhapatnam,India,Arjun Sharma,54,1109301
Cognizant,Bangalore,India,Neha Agarwal,45,479607
Swiggy,Visakhapatnam,India,Manoj Kapoor,60,1402568
TCS,Vasai,India,Anita Rajput,55,307412
Vodafone,Lucknow,India,Nisha Verma,49,1322993
Wipro,Ludhiana,India,Ashok Gupta,58,360308
Ola,Ghaziabad,India,Amit Chauhan,28,659270
Kotak Bank,Nashik,India,Divya Verma,25,1055707
Axis Bank,Ludhiana,India,Neha Mishra,58,300000
Flipkart,Rajkot,India,Manoj Patel,22,1387609
Uber,Srinagar,India,Sneha Trivedi,22,656822
Swiggy,Chennai,India,Anil Shah,41,854910
Flipkart,Delhi,India,Shikha Patel,40,1264880
Byju's,Ghaziabad,India,Amit Joshi,50,482749
Airtel,Bhopal,India,Anil Sharma,31,1224325
IBM,Vasai,India,Divya Gupta,39,1456213
Jio,Patna,India,Ravi Jain,49,537768
Zomato,Ahmedabad,India,Divya Malhotra,56,1347755
Kotak Bank,Bangalore,India,Arjun Jain,52,300000
Ola,Jaipur,India,Rahul Yadav,48,955840
Vodafone,Varanasi,India,Meera Saxena,32,308560
HDFC Bank,Ghaziabad,India,Ravi Rajput,59,1177027
IBM,Varanasi,India,Swati Agarwal,26,1144182
Swiggy,Pune,India,Meera Chauhan,29,1630951
Airtel,Surat,India,Rahul Singh,55,1368513
Zomato,Ludhiana,India,Suresh Goyal,33,733691
Uber,Surat,India,Neha Malhotra,59,367301
BigBasket,Nagpur,India,Vivek Gupta,22,1026274
Tech Mahindra,Visakhapatnam,India,Vivek Goyal,52,775707
Wipro,Jaipur,India,Swati Arora,25,1420462
Vodafone,Visakhapatnam,India,Ajay Mishra,26,300000
Flipkart,Faridabad,India,Rekha Kapoor,51,1675222
HDFC Bank,Jaipur,India,Kavya Pandey,45,1012796
Axis Bank,Jaipur,India,Amit Tiwari,24,474795
Jio,Mumbai,India,Ravi Rajput,32,1093595
Reliance,Delhi,India,Neha Yadav,25,1318968
Wipro,Vasai,India,Nisha Jain,47,845738
BigBasket,Bhopal,India,Shikha Patel,48,300000
Zomato,Varanasi,India,Nisha Mishra,48,682461
Swiggy,Mumbai,India,Vivek Singh,27,1215758
Kotak Bank,Surat,India,Divya Singh,36,998665
BSNL,Patna,India,Neha Sharma,51,737397
Zomato,Rajkot,India,Rohit Shah,58,1323326
Tech Mahindra,Vasai,India,Priya Srivastava,58,1095722
Ola,Ahmedabad,India,Rahul Arora,58,1126535
BSNL,Ludhiana,India,Nisha Sethi,56,635746
Flipkart,Vasai,India,Rekha Shah,44,597046
BigBasket,Lucknow,India,Deepika Yadav,27,300000
HCL,Nashik,India,Vikram Jain,25,696243
Microsoft,Delhi,India,Vikram Gupta,39,1174156
Cognizant,Ahmedabad,India,Manoj Pandey,30,718362
Byju's,Kalyan,India,Ajay Arora,50,978215
Kotak Bank,Agra,India,Arjun Goyal,34,1244479
Jio,Ahmedabad,India,Arjun Singh,38,949133
ICICI Bank,Visakhapatnam,India,Amit Tiwari,53,988205
ICICI Bank,Thane,India,Anil Gupta,43,300000
HDFC Bank,Visakhapatnam,India,Nisha Gupta,25,670974
HDFC Bank,Vasai,India,Nisha Bansal,26,1490650
TCS,Nashik,India,Amit Khurana,58,841518
Axis Bank,Faridabad,India,Divya Pandey,34,1558695
IBM,Nagpur,India,Rashmi Bhatia,55,510753
Google,Vadodara,India,Sunita Goyal,43,893578
Paytm,Hyderabad,India,Rashmi Kumar,44,646928
Ola,Kanpur,India,Rahul Thakur,24,1036793
IBM,Mumbai,India,Rashmi Trivedi,55,1158003
HDFC Bank,Nashik,India,Divya Verma,53,1040986
Uber,Hyderabad,India,Suresh Thakur,42,1216740
BSNL,Ahmedabad,India,Rohit Kapoor,42,794730
Uber,Nagpur,India,Meera Shah,32,723788
Zomato,Ahmedabad,India,Sneha Shah,60,300000
Swiggy,Meerut,India,Anita Mehta,25,1055380
Cognizant,Nashik,India,Meera Shah,22,868873
Google,Lucknow,India,Divya Pandey,49,772834
Paytm,Mumbai,India,Rekha Bansal,45,723673
Kotak Bank,Nagpur,India,Amit Sethi,56,785248
Infosys,Vadodara,India,Nisha Agarwal,34,705505
Jio,Faridabad,India,Rekha Sharma,55,588786
Cognizant,Bangalore,India,Vivek Chauhan,32,895835
Microsoft,Faridabad,India,Amit Saxena,57,993663
IBM,Visakhapatnam,India,Vivek Sharma,38,491772
Google,Hyderabad,India,Ashok Thakur,56,639705
ICICI Bank,Ghaziabad,India,Swati Malhotra,39,718151
Myntra,Ludhiana,India,Pooja Sharma,43,801925
Axis Bank,Ahmedabad,India,Swati Saxena,45,748725
Microsoft,Rajkot,India,Priya Chauhan,40,1063888
Ola,Indore,India,Sunita Patel,58,300000
Flipkart,Chennai,India,Amit Pandey,60,300000
Kotak Bank,Lucknow,India,Nisha Tiwari,42,877427
Zomato,Ghaziabad,India,Ashok Shah,29,558925
Swiggy,Thane,India,Arjun Shah,49,1153696
Byju's,Vadodara,India,Sneha Bansal,26,1267920
ICICI Bank,Kolkata,India,Rahul Mehta,38,893498
ICICI Bank,Vadodara,India,Sneha Bansal,58,371210
Jio,Vasai,India,Rahul Agarwal,57,1221837
BigBasket,Vadodara,India,Pooja Agarwal,40,879561
Infosys,Lucknow,India,Kiran Singh,48,300000
Amazon,Rajkot,India,Nisha Mehta,55,300000
IBM,Hyderabad,India,Divya Bansal,32,1406778
Uber,Hyderabad,India,Rashmi Shah,33,1340454
Jio,Srinagar,India,Meera Verma,42,300000
Infosys,Agra,India,Ravi Joshi,32,300000
TCS,Ahmedabad,India,Amit Saxena,60,1256342
Infosys,Surat,India,Rohit Saxena,49,792602
Infosys,Pune,India,Rahul Sethi,26,1080739
Microsoft,Thane,India,Nisha Sharma,38,775218
Paytm,Bhopal,India,Deepika Joshi,41,1061796
BSNL,Vasai,India,Manoj Goyal,33,802333
Infosys,Visakhapatnam,India,Anil Mehta,27,624956
Paytm,Ahmedabad,India,Sunita Khurana,38,1223497
BigBasket,Ahmedabad,India,Ajay Kumar,40,880821
Reliance,Meerut,India,Sunita Sethi,47,1060955
ICICI Bank,Jaipur,India,Pooja Agarwal,53,862979
Tech Mahindra,Delhi,India,Rekha Thakur,27,605457
TCS,Thane,India,Anita Sharma,57,1443355
Cognizant,Patna,India,Anita Sethi,59,941987
Tech Mahindra,Bangalore,India,Manish Gupta,32,657980
Reliance,Visakhapatnam,India,Anil Khurana,54,1311331
Zomato,Chennai,India,Sunita Chauhan,45,300000
Reliance,Srinagar,India,Meera Sharma,44,1694513
Uber,Chennai,India,Manoj Goyal,36,728340
Swiggy,Indore,India,Manoj Kumar,48,300000
TCS,Jaipur,India,Priya Srivastava,32,1562376
Amazon,Jaipur,India,Kiran Patel,38,614732
SBI,Meerut,India,Rekha Verma,35,897297
Flipkart,Rajkot,India,Rahul Gupta,48,1087076
Ola,Nashik,India,Neha Khurana,39,1273669
IBM,Srinagar,India,Sanjay Verma,49,919909
Google,Patna,India,Rahul Sharma,25,541073
Vodafone,Surat,India,Vikram Srivastava,28,887597
Wipro,Ludhiana,India,Neha Agarwal,56,632273
Airtel,Chennai,India,Ashok Trivedi,30,899604
Cognizant,Kanpur,India,Nisha Saxena,29,1451259
Microsoft,Kalyan,India,Anil Kumar,38,1102370
Cognizant,Ahmedabad,India,Sneha Trivedi,38,882658
Microsoft,Delhi,India,Amit Rajput,54,1095396
Tech Mahindra,Agra,India,Rohit Joshi,53,1124032
Microsoft,Nagpur,India,Rohit Rajput,29,368850
Uber,Ludhiana,India,Deepika Saxena,40,816689
Flipkart,Bhopal,India,Neha Sethi,59,1825011
IBM,Vasai,India,Rekha Shah,24,1285128
IBM,Delhi,India,Ashok Gupta,26,598625
Uber,Lucknow,India,Pooja Sethi,34,558716
Jio,Surat,India,Kiran Saxena,52,545389
BSNL,Thane,India,Anita Kumar,37,1146527
BigBasket,Visakhapatnam,India,Amit Mishra,53,1443056
BSNL,Ahmedabad,India,Neha Trivedi,43,1032866
Swiggy,Patna,India,Arjun Patel,50,862864
Airtel,Nashik,India,Vikram Khurana,43,622337
Tech Mahindra,Jaipur,India,Rashmi Bansal,24,931749
Google,Meerut,India,Ashok Bansal,31,471951
BigBasket,Ahmedabad,India,Rohit Kumar,42,300000
Byju's,Kalyan,India,Pooja Kumar,37,1454730
HCL,Indore,India,Kiran Bhatia,33,397674
Cognizant,Vasai,India,Amit Yadav,23,670067
Reliance,Rajkot,India,Neha Khurana,45,1062542
ICICI Bank,Meerut,India,Rahul Gupta,56,1373786
Reliance,Patna,India,Divya Joshi,51,902852
Wipro,Agra,India,Ashok Yadav,51,322515
Microsoft,Ghaziabad,India,Kiran Goyal,56,679461
Jio,Srinagar,India,Ajay Verma,40,528605
Amazon,Ghaziabad,India,Rahul Shah,29,784715
Zomato,Ludhiana,India,Amit Agarwal,47,1292793
Google,Kanpur,India,Swati Agarwal,28,300000
Uber,Vadodara,India,Vivek Shah,51,635444
ICICI Bank,Indore,India,Kavya Chauhan,28,606380
Flipkart,Visakhapatnam,India,Sunita Saxena,24,300000
SBI,Faridabad,India,Shikha Bhatia,22,1034196
Flipkart,Ludhiana,India,Amit Pandey,57,300000
Paytm,Bangalore,India,Meera Yadav,46,300000
Kotak Bank,Rajkot,India,Pooja Mishra,58,1140427
Paytm,Srinagar,India,Rashmi Bhatia,22,1400228
Myntra,Nashik,India,Swati Trivedi,36,769561
Reliance,Kolkata,India,Sanjay Shah,58,313041
Myntra,Visakhapatnam,India,Sunita Goyal,34,517778
SBI,Kanpur,India,Ajay Kapoor,29,1203200
Zomato,Jaipur,India,Priya Thakur,26,846575
HCL,Thane,India,Manoj Sharma,30,759584
Paytm,Patna,India,Kavya Saxena,22,925219
IBM,Ludhiana,India,Priya Shah,57,784936
Vodafone,Nagpur,India,Shikha Arora,56,1418284
SBI,Srinagar,India,Rohit Yadav,23,500342
HDFC Bank,Ludhiana,India,Meera Mishra,44,454416
SBI,Srinagar,India,Rahul Mishra,30,300000
Myntra,Ahmedabad,India,Arjun Kumar,55,584004
Flipkart,Indore,India,Suresh Chopra,35,363209
Uber,Ahmedabad,India,Sunita Kumar,25,887230
Cognizant,Indore,India,Nisha Gupta,51,808378
Uber,Kolkata,India,Ravi Rajput,52,368369
Myntra,Nashik,India,Ashok Gupta,59,1035655
ICICI Bank,Kanpur,India,Kavya Shah,32,1406725
Accenture,Lucknow,India,Ajay Verma,56,943135
Axis Bank,Agra,India,Shikha Malhotra,29,300000
Microsoft,Agra,India,Amit Arora,24,1594852
Airtel,Lucknow,India,Swati Bhatia,35,1098769
Wipro,Meerut,India,Vivek Jain,34,1582567
Jio,Agra,India,Rashmi Srivastava,53,1236289
Amazon,Vasai,India,Manish Bansal,55,1316206
Myntra,Varanasi,India,Neha Sethi,40,882106
Wipro,Nagpur,India,Shikha Pandey,59,695081
Vodafone,Patna,India,Ravi Shah,37,949392
Vodafone,Delhi,India,Vivek Jain,23,516485
ICICI Bank,Varanasi,India,Sneha Srivastava,38,973552
Swiggy,Ludhiana,India,Manish Yadav,55,300000
Infosys,Thane,India,Divya Chauhan,37,817172
Tech Mahindra,Ghaziabad,India,Rahul Sharma,59,1337870
Flipkart,Kalyan,India,Meera Pandey,23,837723
Ola,Patna,India,Pooja Gupta,23,1490993
BSNL,Thane,India,Nisha Tiwari,47,694501
HDFC Bank,Vadodara,India,Pooja Bhatia,34,1201060
Reliance,Nashik,India,Deepika Pandey,52,448691
Vodafone,Faridabad,India,Anil Kumar,55,1184782
Axis Bank,Kanpur,India,Ajay Srivastava,60,893037
BigBasket,Nagpur,India,Sanjay Chauhan,24,712099
Accenture,Agra,India,Neha Thakur,29,300000
HCL,Lucknow,India,Priya Sharma,44,698249
Jio,Hyderabad,India,Priya Srivastava,35,885381
Flipkart,Varanasi,India,Ajay Chauhan,48,1131483
BSNL,Mumbai,India,Sunita Bansal,50,1424379
BigBasket,Faridabad,India,Anil Shah,60,1614013
Jio,Bangalore,India,Vivek Saxena,60,1298506
Axis Bank,Agra,India,Shikha Tiwari,22,575163
Uber,Vadodara,India,Rekha Saxena,38,678078
Ola,Nashik,India,Ashok Jain,51,1095566
Myntra,Varanasi,India,Sunita Tiwari,34,1007845
Microsoft,Srinagar,India,Shikha Jain,42,1451338
HCL,Kolkata,India,Shikha Verma,40,1791755
Reliance,Kanpur,India,Sunita Joshi,40,1706872
HDFC Bank,Thane,India,Rohit Thakur,46,1397575
TCS,Meerut,India,Divya Tiwari,43,1011161
HCL,Hyderabad,India,Kavya Bhatia,52,1339730
TCS,Thane,India,Anita Jain,38,1464576
Swiggy,Ahmedabad,India,Sanjay Singh,44,741079
TCS,Surat,India,Sunita Joshi,53,586935
HCL,Rajkot,India,Suresh Thakur,31,493031
Cognizant,Bhopal,India,Neha Bhatia,31,449446
Tech Mahindra,Ahmedabad,India,Vikram Yadav,57,300000
Amazon,Mumbai,India,Rahul Agarwal,29,899960
Myntra,Kanpur,India,Meera Patel,41,400098
Myntra,Hyderabad,India,Kiran Mehta,53,486591
Reliance,Bangalore,India,Neha Kapoor,35,1080502
ICICI Bank,Mumbai,India,Deepika Khurana,49,872643
Vodafone,Chennai,India,Deepika Patel,45,971849
Flipkart,Ahmedabad,India,Vikram Khurana,36,1346059
Wipro,Bangalore,India,Ravi Malhotra,43,1145811
Paytm,Surat,India,Sneha Yadav,51,1407554
Uber,Delhi,India,Anita Khurana,25,831990
IBM,Lucknow,India,Manish Mishra,34,1444716
HDFC Bank,Meerut,India,Divya Khurana,44,943894
Swiggy,Surat,India,Rekha Bansal,29,867482
Infosys,Ludhiana,India,Sanjay Srivastava,39,1384610
Wipro,Indore,India,Amit Rajput,33,451138
Reliance,Kolkata,India,Ajay Thakur,52,1609440
IBM,Kalyan,India,Meera Mehta,35,687159
HCL,Kalyan,India,Divya Joshi,55,312756
Byju's,Delhi,India,Nisha Agarwal,39,1061400
BSNL,Jaipur,India,Manish Tiwari,55,649071
SBI,Bhopal,India,Swati Rajput,32,1610322
Amazon,Nagpur,India,Neha Sharma,33,626839
Flipkart,Jaipur,India,Kavya Malhotra,36,925779
Zomato,Ghaziabad,India,Rekha Sethi,52,300000
Zomato,Chennai,India,Anil Yadav,50,1125165
TCS,Agra,India,Rohit Srivastava,47,489043
SBI,Surat,India,Rashmi Bhatia,39,1077329
Accenture,Rajkot,India,Anil Arora,53,628661
Accenture,Rajkot,India,Neha Kapoor,43,300000
Cognizant,Agra,India,Shikha Tiwari,59,852476
Paytm,Kanpur,India,Ajay Malhotra,38,834571
Microsoft,Visakhapatnam,India,Shikha Mehta,44,1152428
BSNL,Indore,India,Vikram Malhotra,45,1422400
ICICI Bank,Indore,India,Shikha Joshi,29,1564963
Jio,Meerut,India,Kiran Jain,27,1145661
Vodafone,Delhi,India,Rekha Malhotra,26,911447
Swiggy,Ludhiana,India,Ajay Joshi,50,300000
Zomato,Meerut,India,Arjun Srivastava,49,880808
Axis Bank,Ghaziabad,India,Deepika Srivastava,32,885976
Tech Mahindra,Lucknow,India,Kiran Arora,22,720543
Kotak Bank,Bhopal,India,Rahul Sethi,40,1053187
BigBasket,Vadodara,India,Shikha Shah,30,1248762
TCS,Nashik,India,Shikha Malhotra,48,472638
Tech Mahindra,Pune,India,Rahul Mehta,55,466406
Cognizant,Faridabad,India,Sanjay Sharma,25,744283
Ola,Vadodara,India,Priya Trivedi,57,553908
Airtel,Hyderabad,India,Rekha Goyal,39,300000
Kotak Bank,Rajkot,India,Sunita Chauhan,36,401362
Kotak Bank,Chennai,India,Nisha Bansal,34,307071
Jio,Thane,India,Vivek Khurana,40,1283380
TCS,Varanasi,India,Meera Rajput,27,1481130
Wipro,Chennai,India,Manish Bansal,33,361826
Accenture,Ghaziabad,India,Kiran Goyal,58,1018429
Accenture,Surat,India,Rahul Goyal,38,1149406
Infosys,Faridabad,India,Nisha Sethi,44,300000
IBM,Agra,India,Ashok Malhotra,47,864391
Flipkart,Bangalore,India,Ravi Trivedi,50,1813406
Axis Bank,Rajkot,India,Vikram Sethi,54,1070858
HCL,Hyderabad,India,Sunita Goyal,48,701879
Paytm,Pune,India,Ashok Chopra,46,575925
SBI,Ludhiana,India,Ajay Shah,31,300000
Swiggy,Agra,India,Amit Bansal,44,988189
Google,Ahmedabad,India,Deepika Kapoor,42,1579126
Amazon,Kolkata,India,Shikha Sharma,42,474582
Wipro,Ludhiana,India,Nisha Pandey,34,300000
ICICI Bank,Surat,India,Anil Bansal,58,534310
Zomato,Pune,India,Vikram Saxena,54,1152639
Byju's,Indore,India,Sunita Kapoor,45,628599
Amazon,Chennai,India,Vivek Patel,32,471812
Vodafone,Vasai,India,Ashok Srivastava,38,807661
Amazon,Meerut,India,Pooja Arora,25,891880
Flipkart,Nagpur,India,Neha Malhotra,46,300000
BSNL,Ghaziabad,India,Vikram Kapoor,51,713086
Microsoft,Visakhapatnam,India,Sanjay Goyal,30,601092
Infosys,Nashik,India,Rohit Agarwal,42,543638
Accenture,Kolkata,India,Rekha Bansal,41,393185
BigBasket,Chennai,India,Pooja Kumar,40,1176503
IBM,Varanasi,India,Rekha Sharma,40,542245
Google,Indore,India,Divya Shah,33,300000
Flipkart,Bangalore,India,Vikram Sethi,58,905719
Infosys,Faridabad,India,Deepika Chauhan,38,1090079
Kotak Bank,Hyderabad,India,Nisha Mehta,58,481593
ICICI Bank,Bhopal,India,Shikha Singh,60,576134
BigBasket,Rajkot,India,Shikha Verma,49,540378
Jio,Nashik,India,Nisha Verma,56,661338
Kotak Bank,Ghaziabad,India,Kiran Bansal,39,1242740
Google,Chennai,India,Ravi Pandey,35,754376
Accenture,Faridabad,India,Sneha Patel,56,1135837
Swiggy,Srinagar,India,Rahul Arora,28,412467
Accenture,Faridabad,India,Rekha Sharma,34,646523
Flipkart,Delhi,India,Rekha Chauhan,39,1181605
Accenture,Srinagar,India,Vikram Chauhan,58,477757
Ola,Patna,India,Ajay Arora,34,1204854
Ola,Vadodara,India,Shikha Kapoor,57,548646
Axis Bank,Vasai,India,Kavya Mehta,52,671334
Flipkart,Vasai,India,Sunita Sethi,23,1468065
Axis Bank,Vadodara,India,Vikram Shah,37,625672
Jio,Visakhapatnam,India,Sneha Sharma,30,858138
Swiggy,Indore,India,Priya Thakur,30,1046574
Swiggy,Vadodara,India,Divya Chauhan,59,890603
Cognizant,Agra,India,Kavya Singh,32,902021
Flipkart,Faridabad,India,Shikha Rajput,43,777384
Airtel,Nagpur,India,Anil Chauhan,54,300000
Vodafone,Kanpur,India,Shikha Khurana,57,939315
BigBasket,Srinagar,India,Rahul Sethi,44,507012
Uber,Rajkot,India,Rashmi Shah,55,1110306
Zomato,Pune,India,Vikram Srivastava,30,1348824
TCS,Ludhiana,India,Manish Thakur,45,300000
Microsoft,Chennai,India,Sneha Saxena,29,1349523
Accenture,Vadodara,India,Nisha Gupta,28,635576
BigBasket,Bhopal,India,Rashmi Singh,57,747620
Reliance,Nagpur,India,Nisha Bansal,39,435045
Vodafone,Chennai,India,Ajay Sharma,24,875387
Infosys,Srinagar,India,Priya Arora,49,826725
SBI,Nashik,India,Rohit Saxena,27,1230769
Wipro,Visakhapatnam,India,Neha Shah,42,503442
Cognizant,Nashik,India,Manoj Patel,49,1464320
Accenture,Mumbai,India,Divya Singh,22,1065885
HDFC Bank,Patna,India,Rashmi Rajput,57,836387
Airtel,Ghaziabad,India,Deepika Pandey,42,727686
Accenture,Visakhapatnam,India,Swati Rajput,56,677372
Infosys,Kalyan,India,Amit Pandey,34,703462
Ola,Vasai,India,Neha Yadav,31,867360
Myntra,Kalyan,India,Rahul Chopra,31,716400
Zomato,Thane,India,Rahul Kumar,34,543788
Flipkart,Lucknow,India,Ashok Joshi,58,869783
Amazon,Meerut,India,Anil Gupta,59,465484
BigBasket,Vasai,India,Suresh Srivastava,45,928986
HDFC Bank,Agra,India,Vikram Tiwari,23,710773
Uber,Nagpur,India,Deepika Pandey,43,1078692
Axis Bank,Mumbai,India,Amit Chauhan,38,1195629
Airtel,Visakhapatnam,India,Rahul Chopra,57,1195472
Google,Pune,India,Rahul Kapoor,35,927242
BSNL,Chennai,India,Meera Mehta,31,973932
TCS,Ghaziabad,India,Kavya Verma,56,670899
Kotak Bank,Bhopal,India,Suresh Mehta,46,1071055
Uber,Thane,India,Deepika Sharma,24,1116200
Vodafone,Kalyan,India,Ashok Chauhan,59,300000
Kotak Bank,Thane,India,Manish Tiwari,38,951338
Tech Mahindra,Pune,India,Deepika Bansal,33,1347251
Axis Bank,Thane,India,Pooja Chopra,45,657483
Swiggy,Indore,India,Priya Sethi,50,570181
Google,Vasai,India,Ashok Bansal,46,632054
Uber,Lucknow,India,Anil Kumar,57,300000
SBI,Kolkata,India,Swati Sethi,47,850393
Flipkart,Jaipur,India,Amit Arora,59,811986
Cognizant,Rajkot,India,Ajay Kapoor,22,878810
BigBasket,Bhopal,India,Rohit Patel,41,966390
SBI,Hyderabad,India,Shikha Sharma,49,480802
BSNL,Meerut,India,Meera Saxena,37,909279
Paytm,Ghaziabad,India,Ashok Gupta,38,977279
BigBasket,Varanasi,India,Shikha Joshi,49,604643
Byju's,Surat,India,Kavya Yadav,33,968047
Uber,Patna,India,Shikha Verma,48,832282
Amazon,Bangalore,India,Rekha Patel,51,547524
Jio,Nagpur,India,Priya Singh,55,913115
SBI,Lucknow,India,Anil Chauhan,58,683715
IBM,Visakhapatnam,India,Arjun Chauhan,27,1078826
Uber,Srinagar,India,Ravi Mishra,28,704333
HDFC Bank,Srinagar,India,Sneha Joshi,53,300000
Infosys,Agra,India,Shikha Gupta,53,906794
SBI,Nagpur,India,Kiran Gupta,46,891761
IBM,Pune,India,Swati Agarwal,54,367545
Vodafone,Visakhapatnam,India,Manish Goyal,28,1100214
Cognizant,Kalyan,India,Suresh Jain,33,1079288
Accenture,Nagpur,India,Ashok Patel,37,452007
Swiggy,Vadodara,India,Rashmi Tiwari,37,536149
ICICI Bank,Ludhiana,India,Sneha Mishra,57,743196
Swiggy,Vadodara,India,Vivek Singh,34,496459
TCS,Surat,India,Kiran Joshi,28,1056158
Infosys,Bangalore,India,Ashok Bhatia,57,859588
SBI,Indore,India,Vivek Srivastava,30,362577
SBI,Rajkot,India,Sneha Mishra,53,471011
Reliance,Vadodara,India,Kavya Rajput,32,1275087
Google,Hyderabad,India,Vikram Malhotra,29,1414224
Amazon,Varanasi,India,Arjun Verma,54,1015491
BSNL,Hyderabad,India,Rashmi Goyal,44,715489
Uber,Ghaziabad,India,Amit Rajput,46,624014
Uber,Visakhapatnam,India,Rohit Khurana,29,1019879
Ola,Ludhiana,India,Amit Pandey,43,830368
Reliance,Surat,India,Nisha Chauhan,25,300000
IBM,Hyderabad,India,Sneha Malhotra,24,1212747
Swiggy,Chennai,India,Swati Kapoor,50,1338321
IBM,Pune,India,Rohit Bansal,50,1094901
Ola,Rajkot,India,Ravi Malhotra,55,363355
Flipkart,Chennai,India,Rashmi Pandey,55,545269
Airtel,Srinagar,India,Ajay Jain,49,300000
IBM,Kolkata,India,Rekha Shah,34,1438419
Kotak Bank,Kolkata,India,Vikram Patel,36,657304
Zomato,Patna,India,Deepika Trivedi,44,1733315
HCL,Bangalore,India,Rohit Thakur,47,1582092
Infosys,Mumbai,India,Ajay Mehta,25,438629
Infosys,Faridabad,India,Manish Jain,47,516692
Myntra,Meerut,India,Ajay Srivastava,30,986476
Byju's,Chennai,India,Vivek Srivastava,26,300000
Zomato,Pune,India,Amit Yadav,53,624696
HDFC Bank,Jaipur,India,Arjun Pandey,41,584736
Byju's,Agra,India,Rekha Kumar,32,1540466
Accenture,Indore,India,Rohit Bhatia,36,864407
Microsoft,Vasai,India,Rohit Bhatia,53,686093
Reliance,Kanpur,India,Rekha Sethi,49,547406
BSNL,Vasai,India,Divya Trivedi,43,1157619
Jio,Meerut,India,Nisha Patel,38,601315
TCS,Ghaziabad,India,Vivek Chauhan,47,779886
Uber,Faridabad,India,Sunita Gupta,28,544350
Cognizant,Meerut,India,Manish Yadav,47,300000
Microsoft,Chennai,India,Manoj Agarwal,46,401585
Infosys,Ludhiana,India,Anil Kapoor,31,599211
Microsoft,Srinagar,India,Rohit Tiwari,40,694698
Kotak Bank,Faridabad,India,Sneha Verma,32,712230
Byju's,Kanpur,India,Deepika Kumar,34,764432
Paytm,Surat,India,Ashok Jain,29,604524
Microsoft,Srinagar,India,Arjun Agarwal,25,1339650
HDFC Bank,Agra,India,Anil Patel,52,1179193
Paytm,Vasai,India,Deepika Malhotra,49,745956
Microsoft,Kolkata,India,Arjun Gupta,32,901703
Google,Bangalore,India,Ravi Thakur,22,651164
HCL,Nashik,India,Neha Agarwal,59,300000
TCS,Vasai,India,Pooja Bhatia,45,808197
Vodafone,Indore,India,Divya Mishra,52,922245
Cognizant,Faridabad,India,Anil Chauhan,47,300000
Zomato,Surat,India,Shikha Tiwari,26,999764
HCL,Bhopal,India,Sanjay Verma,41,687769
Cognizant,Bhopal,India,Nisha Srivastava,32,935173
Myntra,Agra,India,Kiran Tiwari,54,699840
Cognizant,Surat,India,Vikram Khurana,59,1300381
TCS,Meerut,India,Amit Thakur,48,890491
Uber,Nagpur,India,Deepika Agarwal,55,1200966
Paytm,Pune,India,Vivek Khurana,36,1233890
Microsoft,Kanpur,India,Divya Shah,53,352177
SBI,Jaipur,India,Manoj Patel,42,504393
Myntra,Nagpur,India,Kiran Mishra,26,980644
Paytm,Chennai,India,Sneha Trivedi,27,653785
Google,Faridabad,India,Kiran Thakur,59,704557
Infosys,Lucknow,India,Ajay Tiwari,43,1314625
Axis Bank,Ghaziabad,India,Nisha Mehta,39,675853
BSNL,Patna,India,Vivek Verma,35,412428
ICICI Bank,Rajkot,India,Ravi Trivedi,31,466479
Tech Mahindra,Lucknow,India,Manish Malhotra,34,1672942
Kotak Bank,Meerut,India,Kiran Bhatia,52,728712
HDFC Bank,Ludhiana,India,Kavya Tiwari,51,300000
Swiggy,Chennai,India,Shikha Arora,24,300000
Infosys,Patna,India,Ravi Goyal,51,550145
Flipkart,Mumbai,India,Pooja Bhatia,27,721391
Reliance,Kalyan,India,Shikha Pandey,50,1179669
Tech Mahindra,Kolkata,India,Vikram Patel,29,1140938
Swiggy,Pune,India,Amit Arora,54,797461
HDFC Bank,Thane,India,Ajay Srivastava,38,618332
Myntra,Patna,India,Ashok Yadav,32,935840
Jio,Faridabad,India,Suresh Sharma,34,300000
Vodafone,Lucknow,India,Suresh Bansal,32,1592432
Kotak Bank,Ghaziabad,India,Swati Tiwari,52,1061642
Infosys,Faridabad,India,Sanjay Kumar,49,1146796
Ola,Thane,India,Deepika Bansal,27,370338
Ola,Bhopal,India,Arjun Bhatia,37,1313059
Wipro,Kolkata,India,Kavya Sethi,25,615993
Flipkart,Ludhiana,India,Shikha Tiwari,56,418976
Cognizant,Surat,India,Deepika Yadav,47,784331
Reliance,Rajkot,India,Rohit Shah,33,774977
Google,Kanpur,India,Ashok Yadav,32,368585
Wipro,Faridabad,India,Anita Kumar,58,442025
IBM,Indore,India,Ravi Malhotra,46,410707
Zomato,Meerut,India,Pooja Khurana,39,414513
Zomato,Hyderabad,India,Manish Mehta,40,644760
Amazon,Rajkot,India,Meera Shah,44,300000
TCS,Ludhiana,India,Kavya Singh,59,523450
Zomato,Patna,India,Arjun Srivastava,39,1218053
Microsoft,Hyderabad,India,Swati Patel,47,1129323
Wipro,Bangalore,India,Manoj Chauhan,27,380048
HDFC Bank,Nashik,India,Shikha Saxena,25,1183281
Reliance,Rajkot,India,Priya Rajput,50,300000
IBM,Hyderabad,India,Vikram Srivastava,55,1771657
Byju's,Faridabad,India,Ashok Srivastava,38,1320125
TCS,Visakhapatnam,India,Vikram Gupta,37,576107
Cognizant,Vadodara,India,Anita Rajput,23,952970
Jio,Vadodara,India,Anil Sharma,55,300000
HDFC Bank,Meerut,India,Meera Bhatia,29,824177
Vodafone,Ludhiana,India,Nisha Kumar,34,726534
Reliance,Kanpur,India,Manish Saxena,29,466094
Kotak Bank,Meerut,India,Rahul Joshi,51,612577
Flipkart,Varanasi,India,Sunita Bansal,53,573205
Accenture,Jaipur,India,Divya Singh,57,347305
TCS,Mumbai,India,Rohit Joshi,51,456741
Byju's,Patna,India,Ravi Yadav,22,300000
Accenture,Ludhiana,India,Vivek Malhotra,60,1142932
Swiggy,Chennai,India,Manish Goyal,38,427154
Flipkart,Surat,India,Sneha Khurana,41,311191
HCL,Meerut,India,Sneha Trivedi,45,1136601
Swiggy,Kolkata,India,Anita Yadav,43,947848
Google,Agra,India,Neha Patel,50,1121800
Byju's,Nashik,India,Anil Jain,43,1166433
SBI,Mumbai,India,Ashok Bhatia,30,1574981
Cognizant,Visakhapatnam,India,Deepika Patel,58,737584
Zomato,Faridabad,India,Sunita Tiwari,31,300000
Uber,Varanasi,India,Ravi Jain,57,908415
Flipkart,Varanasi,India,Manoj Jain,58,532398
Airtel,Delhi,India,Kavya Shah,49,416997
Google,Vasai,India,Shikha Malhotra,49,839970
Paytm,Rajkot,India,Anil Sharma,42,1146301
HDFC Bank,Lucknow,India,Ravi Thakur,45,465602
SBI,Jaipur,India,Rekha Sethi,23,1309755
Google,Kolkata,India,Amit Yadav,29,404154
SBI,Agra,India,Manish Shah,48,702438
Byju's,Visakhapatnam,India,Manish Verma,43,954523
Swiggy,Visakhapatnam,India,Swati Thakur,58,644840
HDFC Bank,Delhi,India,Neha Mehta,48,300000
Jio,Pune,India,Rekha Singh,50,1170962
Swiggy,Indore,India,Shikha Singh,24,550614
Kotak Bank,Pune,India,Divya Kapoor,34,1097959
HCL,Delhi,India,Neha Gupta,31,300000
Google,Mumbai,India,Meera Mishra,57,362625
Myntra,Surat,India,Ashok Mishra,30,1144973
Swiggy,Ludhiana,India,Arjun Bansal,48,936203
HCL,Hyderabad,India,Ravi Goyal,55,624565
HDFC Bank,Delhi,India,Rahul Agarwal,22,942012
Paytm,Agra,India,Amit Patel,53,418384
ICICI Bank,Bhopal,India,Manish Mishra,46,844103
Myntra,Meerut,India,Neha Bansal,50,851421
TCS,Delhi,India,Rekha Gupta,28,650487
Zomato,Surat,India,Vivek Mishra,24,465885
Vodafone,Delhi,India,Neha Khurana,41,828099
HCL,Bhopal,India,Rohit Khurana,41,778007
Byju's,Bhopal,India,Vivek Malhotra,51,613671
HDFC Bank,Vadodara,India,Rashmi Sethi,56,386474
BigBasket,Varanasi,India,Rahul Malhotra,56,804990
Zomato,Kolkata,India,Anita Verma,60,614671
Airtel,Agra,India,Kiran Thakur,48,386136
Vodafone,Kanpur,India,Anita Chauhan,47,817411
Swiggy,Faridabad,India,Shikha Malhotra,35,1443322
Jio,Thane,India,Deepika Saxena,38,653268
Wipro,Ahmedabad,India,Manish Mishra,39,1399110
IBM,Pune,India,Manish Goyal,50,1645732
Byju's,Vasai,India,Ashok Chopra,41,418632
Amazon,Kalyan,India,Sanjay Rajput,48,803617
HCL,Surat,India,Kiran Bansal,39,1641492
BSNL,Bangalore,India,Nisha Shah,25,751568
Uber,Vadodara,India,Sunita Tiwari,22,814724
TCS,Visakhapatnam,India,Kiran Malhotra,22,300000
Ola,Kolkata,India,Suresh Chauhan,47,587335
Paytm,Ludhiana,India,Neha Gupta,41,1022235
HCL,Ghaziabad,India,Vikram Srivastava,44,1771713
Reliance,Rajkot,India,Sneha Chopra,31,721597
Kotak Bank,Chennai,India,Amit Agarwal,32,300000
BSNL,Indore,India,Anil Shah,26,300000
Google,Ghaziabad,India,Divya Thakur,22,785684
Tech Mahindra,Agra,India,Vivek Kapoor,38,1270882
Flipkart,Thane,India,Swati Thakur,43,1054941
Amazon,Faridabad,India,Sanjay Mishra,55,984102
Tech Mahindra,Ahmedabad,India,Arjun Saxena,50,1323657
Paytm,Ludhiana,India,Rohit Khurana,25,511908
Tech Mahindra,Thane,India,Pooja Bhatia,26,807637
Axis Bank,Agra,India,Sanjay Jain,32,591847
Ola,Ghaziabad,India,Rahul Trivedi,42,691417
Amazon,Vasai,India,Kiran Bhatia,56,397492
Vodafone,Indore,India,Sunita Saxena,33,662409
Amazon,Kalyan,India,Sunita Verma,47,788913
Axis Bank,Varanasi,India,Amit Chopra,40,651411
HCL,Jaipur,India,Nisha Mehta,28,735575
BigBasket,Ahmedabad,India,Ajay Malhotra,28,962016
HCL,Rajkot,India,Vivek Chauhan,47,1295478
ICICI Bank,Vasai,India,Suresh Bhatia,26,1324462
Tech Mahindra,Rajkot,India,Deepika Tiwari,42,1104568
ICICI Bank,Visakhapatnam,India,Kavya Srivastava,35,300000
Infosys,Delhi,India,Nisha Bhatia,25,655836
Flipkart,Meerut,India,Meera Mehta,44,690285
Axis Bank,Faridabad,India,Anita Pandey,41,537140
Paytm,Srinagar,India,Deepika Saxena,36,936940
Amazon,Bangalore,India,Rashmi Tiwari,50,300000
Swiggy,Ahmedabad,India,Neha Mehta,29,1477426
Airtel,Kanpur,India,Kiran Jain,40,1278088
Paytm,Mumbai,India,Meera Bansal,60,991280
SBI,Surat,India,Shikha Chopra,49,775156
ICICI Bank,Ghaziabad,India,Neha Shah,48,1291535
ICICI Bank,Bangalore,India,Sneha Kapoor,25,1075761
HDFC Bank,Pune,India,Shikha Khurana,36,1242655
ICICI Bank,Kolkata,India,Meera Chauhan,56,776379
Jio,Ghaziabad,India,Shikha Sethi,58,1515725
Microsoft,Nashik,India,Neha Kapoor,22,1266755
Reliance,Meerut,India,Swati Goyal,24,1003814
Microsoft,Kalyan,India,Neha Joshi,45,1302389
Swiggy,Patna,India,Neha Mehta,48,632335
Amazon,Lucknow,India,Vikram Singh,57,332999
Axis Bank,Vadodara,India,Arjun Kapoor,55,928620
Reliance,Hyderabad,India,Sneha Khurana,50,777163
Kotak Bank,Vadodara,India,Manoj Verma,45,720913
Vodafone,Lucknow,India,Sunita Mehta,45,1286524
Amazon,Faridabad,India,Rohit Malhotra,25,866855
IBM,Kanpur,India,Arjun Pandey,24,905427
Axis Bank,Surat,India,Rahul Rajput,55,669178
Byju's,Ahmedabad,India,Kiran Singh,44,1152449
Ola,Faridabad,India,Divya Mishra,44,1080750
Reliance,Vasai,India,Manish Arora,26,1149463
Airtel,Vasai,India,Neha Trivedi,52,601094
Accenture,Jaipur,India,Nisha Patel,27,1321635
HCL,Chennai,India,Ashok Singh,58,1535507
Uber,Hyderabad,India,Manish Gupta,31,1136815
Axis Bank,Ludhiana,India,Pooja Yadav,28,476284
Myntra,Ahmedabad,India,Amit Shah,60,479119
HCL,Nashik,India,Ashok Bhatia,59,649849
Jio,Jaipur,India,Anita Chauhan,42,574249
Tech Mahindra,Thane,India,Swati Chauhan,41,771562
Amazon,Thane,India,Anil Mishra,24,1052976
Kotak Bank,Bhopal,India,Vikram Mehta,43,915980
Uber,Indore,India,Sanjay Saxena,25,880915
Myntra,Ahmedabad,India,Vivek Rajput,49,703518
HCL,Patna,India,Priya Malhotra,33,770461
Amazon,Surat,India,Kavya Kumar,59,1118630
Infosys,Vasai,India,Rashmi Sethi,57,300000
SBI,Ghaziabad,India,Rekha Srivastava,26,795443
Uber,Pune,India,Swati Thakur,34,915195
Accenture,Kanpur,India,Manoj Trivedi,44,1113433
Swiggy,Delhi,India,Manish Kapoor,51,395981
Ola,Kolkata,India,Vikram Sharma,58,374836
Wipro,Bhopal,India,Ajay Chopra,46,1033581
Flipkart,Bangalore,India,Rashmi Trivedi,48,300000
TCS,Nagpur,India,Rahul Verma,35,1332875
Infosys,Bangalore,India,Sunita Mishra,57,890636
SBI,Kalyan,India,Rahul Goyal,60,1423488
HDFC Bank,Patna,India,Swati Patel,37,365171
Ola,Lucknow,India,Sanjay Chauhan,43,625456
ICICI Bank,Ahmedabad,India,Rohit Singh,42,300000
Byju's,Pune,India,Suresh Verma,42,481724
Accenture,Mumbai,India,Kiran Patel,29,726461
Swiggy,Vasai,India,Shikha Goyal,37,300000
Wipro,Mumbai,India,Vivek Khurana,52,642149
Jio,Nashik,India,Sunita Chauhan,31,300000
Tech Mahindra,Ahmedabad,India,Manoj Trivedi,53,697015
Google,Hyderabad,India,Manoj Trivedi,55,1258844
Amazon,Vasai,India,Rohit Kapoor,30,786008
Microsoft,Bhopal,India,Manish Singh,38,1463282
Zomato,Lucknow,India,Rahul Khurana,32,1114517
Paytm,Hyderabad,India,Priya Mehta,53,1339259
Vodafone,Chennai,India,Arjun Pandey,31,494021
Kotak Bank,Srinagar,India,Amit Joshi,43,484343
BSNL,Pune,India,Rahul Sethi,38,938245
Kotak Bank,Indore,India,Kiran Goyal,25,300000
TCS,Agra,India,Nisha Malhotra,46,988457
Wipro,Vadodara,India,Ajay Sethi,42,670432
Tech Mahindra,Jaipur,India,Anita Goyal,58,1331998
HDFC Bank,Kanpur,India,Neha Tiwari,59,1071804
Uber,Lucknow,India,Rohit Mishra,22,1238682
Wipro,Indore,India,Vikram Thakur,46,498317
Amazon,Nashik,India,Vikram Chopra,57,1219284
ICICI Bank,Bhopal,India,Anita Rajput,38,1377884
Vodafone,Mumbai,India,Amit Mishra,45,784514
Tech Mahindra,Nagpur,India,Kiran Saxena,23,504259
Microsoft,Nashik,India,Ajay Thakur,36,511285
Ola,Ludhiana,India,Vikram Verma,53,1295605
Google,Ludhiana,India,Kiran Goyal,60,1873738
Tech Mahindra,Srinagar,India,Vikram Thakur,27,407341
Axis Bank,Nagpur,India,Kavya Mehta,22,376591
Jio,Delhi,India,Kavya Joshi,44,1168565
Zomato,Chennai,India,Anil Gupta,60,498434
