show_id,type,title,director,cast,country,date_added,release_year,rating,duration,listed_in,description,imdb_score
s1,Movie,Dark Night 4,,"Charlotte Miller, Ryan Davis",Canada,"June 14, 2017",1991,NR,199 min,Animation,A thrilling adventure story,5.3
s2,TV Show,Horror Tales 22,Robert Taylor,"Olivia Brown, Ryan Davis, Ethan Rodriguez, Amelia Moore",Colombia,"January 19, 2024",2019,TV-Y7,2 Seasons,"Mystery, Sci-Fi & Fantasy",A thrilling adventure story,8.1
s3,TV Show,Mystery Show 15,Daniel Clark,"Sophie Taylor, Ava Clark, Benjamin Turner, Matt Anderson","Japan, Brazil","December 27, 2020",2000,NC-17,9 Seasons,Comedy,A thrilling adventure story,6.4
s4,Movie,Love Story 28,Mark Thompson,"Matt Anderson, Isabella Adams, Ethan Rodriguez, Oliver Green",Israel,"December 12, 2017",2017,TV-Y7,152 min,"Western, Sports, Drama",A heartwarming family tale,5.3
s5,Movie,Animation World 77,,"William Thompson, Luke Garcia, Charlotte Miller, Tom Johnson, Olivia Brown",,"August 15, 2023",1997,PG-13,176 min,,A musical journey,6.9
s6,Movie,Adventure Quest 65,Jennifer Lopez,"Jake Wilson, Ava Clark, Sophie Taylor","Egypt, United States","September 19, 2021",1991,TV-Y,138 min,Drama,An animated adventure,9.1
s7,Movie,War Stories 99,Jessica Turner,"Luke Garcia, William Thompson, Mia Young","Italy, Indonesia","June 23, 2019",2013,TV-PG,175 min,Crime,,7.3
s8,TV Show,The Series 5,Sarah Johnson,"Noah White, Ryan Davis",Singapore,"May 27, 2017",2020,TV-G,7 Seasons,Biography,A documentary about life,7.9
s9,Movie,Dark Night 8,Christopher Lee,"Grace Martinez, Matt Anderson",Russia,"January 21, 2017",2005,PG,173 min,"Horror, Comedy, Action & Adventure",An action-packed thriller,6.8
s10,TV Show,Drama Series 26,Lisa Anderson,"Luke Garcia, Oliver Green, Chloe Lopez, Mia Young, Isabella Adams",South Korea,"June 30, 2021",1993,G,1 Season,"Western, Romance",A crime investigation story,
s11,Movie,Adventure Quest 9,Maria Garcia,"Benjamin Turner, Emma Smith, Ryan Davis",Egypt,"July 19, 2018",2003,TV-Y,121 min,Family,A heartwarming family tale,
s12,TV Show,Family Show 37,Michael Brown,"Jake Wilson, Ava Clark, Ryan Davis, Grace Martinez",Israel,"November 21, 2022",2023,,9 Seasons,"Thriller, Animation",A heartwarming family tale,5.2
s13,TV Show,Action Pack 39,Christopher Lee,"William Thompson, Isabella Adams, Luke Garcia, Emma Smith",Nigeria,"June 30, 2015",,TV-MA,5 Seasons,Biography,A heartwarming family tale,
s14,Movie,Comedy Central 70,,"Mia Young, Jake Wilson, Emma Smith","India, Norway","May 10, 2017",1996,TV-PG,164 min,"Documentary, Romance",A mysterious drama series,4.6
s15,Movie,Thriller Night 53,Maria Garcia,"Ethan Rodriguez, Emma Smith",Taiwan,"December 03, 2018",2004,TV-MA,109 min,Drama,A romantic comedy,6.9
s16,Movie,War Stories 43,Emily Davis,"Sophie Taylor, Benjamin Turner, Luke Garcia, Emma Smith",Netherlands,"November 23, 2019",2022,TV-14,108 min,"Action & Adventure, Western",A crime investigation story,8.9
s17,Movie,Horror House 47,Christopher Lee,"Chloe Lopez, William Thompson",Switzerland,"October 26, 2022",1998,TV-MA,157 min,"Family, War & Military, Action & Adventure",An action-packed thriller,7.2
s18,Movie,Thriller Night 60,Robert Taylor,"Ryan Davis, Chloe Lopez, William Thompson",Canada,"March 06, 2024",2005,R,110 min,Sports,A heartwarming family tale,8.7
s19,Movie,Biography Life 25,Daniel Clark,"Jake Wilson, Tom Johnson, Olivia Brown",Egypt,"March 17, 2020",2005,PG,176 min,Western,A sci-fi epic,8.0
s20,Movie,Musical Dreams 79,Anthony Green,"Sophie Taylor, Isabella Adams, Oliver Green, Luke Garcia, Grace Martinez",Egypt,"June 07, 2020",2007,NR,133 min,Historical,A mysterious drama series,7.8
s21,Movie,Horror House 9,Christopher Lee,"Emma Smith, Matt Anderson, Mia Young, Ethan Rodriguez, Tom Johnson","Belgium, Hong Kong","January 25, 2015",2009,TV-Y7,197 min,"Documentary, Sports",A documentary about life,6.3
s22,Movie,Documentary Life 93,Kevin Young,"Ethan Rodriguez, Benjamin Turner",Russia,"July 09, 2016",2001,,157 min,Crime,A documentary about life,9.0
s23,Movie,Animation World 33,Jessica Turner,,"Norway, Thailand, Japan","October 05, 2023",1992,R,111 min,"Documentary, Thriller",A heartwarming family tale,5.5
s24,Movie,Sci-Fi Future 99,Laura Miller,"Sophie Taylor, Chloe Lopez",Indonesia,"June 16, 2021",2014,NR,110 min,"Documentary, Horror",A romantic comedy,7.3
s25,Movie,Dark Night 73,Amanda White,"Ryan Davis, William Thompson, Noah White, Tom Johnson","France, Russia","January 23, 2019",2019,TV-Y7,105 min,"Animation, Sports, Musical",A musical journey,6.0
s26,TV Show,Drama Series 6,Kevin Young,"Benjamin Turner, Ethan Rodriguez, Noah White, Tom Johnson, Isabella Adams",Turkey,"December 24, 2018",2011,TV-14,5 Seasons,"Sci-Fi & Fantasy, Drama",A documentary about life,8.1
s27,Movie,Crime Scene 83,Kevin Young,"Chloe Lopez, Grace Martinez",Denmark,"April 22, 2020",2012,NR,200 min,"Animation, Family",A heartwarming family tale,6.0
s28,Movie,War Stories 98,Robert Taylor,"Luke Garcia, Benjamin Turner, William Thompson, Chloe Lopez, Olivia Brown",Denmark,"January 04, 2017",2024,G,73 min,"Thriller, Sports",A thrilling adventure story,6.7
s29,Movie,Musical Dreams 44,Sarah Johnson,"Olivia Brown, Ryan Davis, Ethan Rodriguez, Isabella Adams, Benjamin Turner",Australia,"September 03, 2016",2009,R,90 min,Documentary,A documentary about life,6.6
s30,Movie,Biography Life 55,Laura Miller,"Matt Anderson, Amelia Moore",Argentina,"December 12, 2016",2000,,175 min,Comedy,A musical journey,8.5
s31,Movie,Love Story 88,James Martinez,"Mia Young, Olivia Brown, Charlotte Miller",Nigeria,"April 08, 2024",1993,NC-17,133 min,Family,A romantic comedy,6.8
s32,Movie,Love Story 77,,"Amelia Moore, Luke Garcia, Tom Johnson, Ryan Davis",United Kingdom,"July 30, 2023",2007,PG-13,180 min,Animation,A sci-fi epic,8.3
s33,Movie,Love Story 61,Christopher Lee,"Sophie Taylor, Noah White",Switzerland,"February 15, 2024",1992,TV-Y,124 min,"War & Military, Western, Action & Adventure",A crime investigation story,4.8
s34,TV Show,Sci-Fi Chronicles 24,Jessica Turner,"Matt Anderson, Luke Garcia","China, Singapore","May 12, 2016",2005,NC-17,9 Seasons,Documentary,A heartwarming family tale,5.1
s35,TV Show,Animation Fun 10,Jennifer Lopez,"Mia Young, Isabella Adams, Benjamin Turner, Grace Martinez",Italy,"May 03, 2025",1998,NC-17,7 Seasons,"Animation, Action & Adventure",A romantic comedy,7.2
s36,TV Show,Crime Investigation 32,Kevin Young,"Noah White, Charlotte Miller, Benjamin Turner, Ethan Rodriguez",Italy,"October 27, 2022",2014,TV-Y7,1 Season,War & Military,A historical drama,7.6
s37,Movie,Comedy Central 64,David Wilson,"Olivia Brown, Oliver Green, Amelia Moore, William Thompson",Australia,"August 07, 2019",1999,,127 min,"Drama, Crime",A crime investigation story,6.0
s38,Movie,Crime Scene 70,,"Grace Martinez, Ryan Davis, Mia Young, Olivia Brown","France, China","November 12, 2016",1991,,74 min,Thriller,A documentary about life,8.2
s39,Movie,Adventure Quest 23,,"Isabella Adams, Benjamin Turner, Jake Wilson",Taiwan,"November 11, 2017",2019,TV-MA,199 min,Mystery,A romantic comedy,6.5
s40,Movie,Sci-Fi Future 59,Robert Taylor,"Olivia Brown, Grace Martinez, Ethan Rodriguez, Ava Clark, Chloe Lopez",Switzerland,"January 29, 2018",,NR,72 min,"Family, Documentary",A dark horror story,5.4
s41,Movie,Sci-Fi Future 87,David Wilson,"Chloe Lopez, Oliver Green",Spain,"January 05, 2016",2010,PG-13,111 min,"Mystery, Western",A romantic comedy,5.7
s42,Movie,Crime Scene 38,Christopher Lee,"Ryan Davis, Jake Wilson, Grace Martinez, Ethan Rodriguez, Ava Clark",Colombia,"January 06, 2021",2013,TV-MA,127 min,"Mystery, Horror",An animated adventure,
s43,Movie,War Stories 42,,"Chloe Lopez, Mia Young, Olivia Brown, Jake Wilson, Emma Smith",Singapore,"April 20, 2016",2024,TV-G,154 min,"Historical, Biography",A musical journey,6.4
s44,TV Show,Mystery Show 32,James Martinez,,Argentina,"August 04, 2024",2013,TV-MA,6 Seasons,Horror,An animated adventure,
s45,Movie,Horror House 83,John Smith,"Grace Martinez, Jake Wilson, Matt Anderson, Ryan Davis",Turkey,"February 13, 2024",2011,TV-14,60 min,"Thriller, Animation, Romance",A thrilling adventure story,
s46,Movie,Family Fun 31,John Smith,"Jake Wilson, Mia Young","Hong Kong, China","September 22, 2023",1996,R,71 min,"Western, Family, Musical",A thrilling adventure story,
s47,Movie,Crime Scene 52,Emily Davis,"Ryan Davis, Amelia Moore, Noah White, Jake Wilson, Benjamin Turner",Netherlands,"April 10, 2019",2023,TV-PG,170 min,"Historical, Sci-Fi & Fantasy",An action-packed thriller,8.4
s48,Movie,Documentary Life 54,Christopher Lee,"Ava Clark, Jake Wilson, Isabella Adams, Ryan Davis",Russia,"January 31, 2016",2013,TV-PG,75 min,"Crime, Horror",A historical drama,6.5
s49,Movie,Action Hero 37,Amanda White,"Jake Wilson, Isabella Adams, Grace Martinez",Denmark,"April 15, 2016",2004,TV-PG,66 min,"Animation, Action & Adventure",A musical journey,8.8
s50,Movie,Family Fun 1,David Wilson,"Ryan Davis, Jake Wilson, Tom Johnson, Amelia Moore, Matt Anderson",Brazil,"February 24, 2019",2010,TV-14,81 min,Comedy,A romantic comedy,6.5
s51,TV Show,Family Show 29,Robert Taylor,"Ava Clark, Mia Young",Singapore,"November 28, 2020",1992,TV-14,1 Season,,An action-packed thriller,8.1
s52,TV Show,Action Pack 21,Jessica Turner,"Jake Wilson, Ethan Rodriguez, Charlotte Miller",Norway,"October 23, 2015",1992,TV-G,2 Seasons,"War & Military, Biography",A documentary about life,
s53,TV Show,Adventure Time 11,Laura Miller,"Ryan Davis, Mia Young, Olivia Brown, Grace Martinez",Canada,"June 10, 2019",2011,PG-13,2 Seasons,Western,A dark horror story,9.0
s54,TV Show,Crime Investigation 10,David Wilson,"Amelia Moore, Jake Wilson, Ryan Davis","Singapore, Taiwan","June 18, 2023",2018,TV-14,10 Seasons,"Crime, Thriller, Musical",An animated adventure,8.2
s55,Movie,Biography Life 8,Michael Brown,"Emma Smith, Amelia Moore, Ava Clark, Chloe Lopez, Ryan Davis","Canada, Malaysia, Belgium","March 10, 2020",1992,TV-14,108 min,Thriller,An animated adventure,
s56,TV Show,Musical Show 22,Michael Brown,"Emma Smith, Grace Martinez, Oliver Green",Brazil,"January 30, 2019",2008,TV-Y,10 Seasons,"Crime, Drama",A crime investigation story,5.8
s57,Movie,Sports Champion 20,Mark Thompson,"Chloe Lopez, Ethan Rodriguez, Jake Wilson, Ryan Davis",Sweden,"February 13, 2024",2023,TV-MA,168 min,Family,An action-packed thriller,8.1
s58,Movie,Horror House 29,,"William Thompson, Charlotte Miller","India, Sweden","October 29, 2024",1998,PG-13,101 min,"Romance, Musical",A dark horror story,5.6
s59,Movie,Musical Dreams 79,Kevin Young,"Chloe Lopez, Isabella Adams, Matt Anderson","China, Taiwan","August 18, 2023",2014,TV-Y7,101 min,"Thriller, Animation",An animated adventure,7.1
s60,Movie,Dark Night 92,Emily Davis,"Luke Garcia, Oliver Green, William Thompson",Thailand,"February 28, 2024",2012,TV-Y7,73 min,War & Military,A dark horror story,6.0
s61,Movie,Dark Night 92,David Wilson,"Isabella Adams, Jake Wilson, Amelia Moore, Oliver Green","United Kingdom, Colombia","June 02, 2017",2025,TV-14,195 min,"Documentary, Family",An action-packed thriller,8.2
s62,Movie,Musical Dreams 9,Jessica Turner,"William Thompson, Benjamin Turner",Russia,"January 07, 2015",2005,PG-13,81 min,Western,A crime investigation story,6.3
s63,TV Show,Romance Stories 3,Amanda White,"Ava Clark, Ryan Davis","France, Sweden","June 30, 2016",2024,TV-MA,3 Seasons,"Sports, Romance",A heartwarming family tale,8.9
s64,Movie,Action Hero 38,Robert Taylor,"Chloe Lopez, William Thompson, Ethan Rodriguez, Isabella Adams","Italy, Philippines","January 02, 2019",1993,TV-Y,129 min,War & Military,A documentary about life,5.4
s65,Movie,Crime Scene 48,Anthony Green,"Mia Young, Ryan Davis","Mexico, Israel, Philippines","August 08, 2018",2010,NC-17,174 min,Musical,A thrilling adventure story,8.8
s66,Movie,Sports Champion 56,Sarah Johnson,"Ava Clark, William Thompson, Sophie Taylor, Tom Johnson, Jake Wilson",China,"May 23, 2015",2005,TV-Y,152 min,"Thriller, Musical",A dark horror story,4.9
s67,Movie,Comedy Central 68,Christopher Lee,"Olivia Brown, Tom Johnson, Sophie Taylor",Germany,"December 08, 2017",2018,TV-14,133 min,"Sci-Fi & Fantasy, Horror, Thriller",An animated adventure,7.9
s68,TV Show,Mystery Show 44,Christopher Lee,"Charlotte Miller, Amelia Moore",Brazil,"December 25, 2022",2001,TV-PG,4 Seasons,Thriller,An animated adventure,
s69,Movie,War Stories 74,Nicole Adams,"Ryan Davis, Chloe Lopez","Hong Kong, Egypt","August 10, 2019",1994,TV-Y,78 min,"Mystery, Thriller",A crime investigation story,5.4
s70,TV Show,Comedy Hour 28,Sarah Johnson,"Chloe Lopez, Sophie Taylor, Benjamin Turner","Norway, Egypt","January 13, 2025",1995,TV-MA,9 Seasons,"Historical, Drama",A mysterious drama series,7.2
s71,TV Show,Comedy Hour 43,Laura Miller,"Tom Johnson, Ryan Davis",Colombia,"April 21, 2022",2016,G,8 Seasons,"Family, Sports",A historical drama,6.6
s72,Movie,Action Hero 21,Jessica Turner,"Amelia Moore, Jake Wilson, Noah White, Charlotte Miller","Switzerland, Spain","July 13, 2023",2025,R,179 min,Thriller,A romantic comedy,8.6
s73,Movie,Animation World 32,Lisa Anderson,"Matt Anderson, Sophie Taylor, Isabella Adams, William Thompson","Singapore, United Kingdom","January 04, 2016",2022,R,115 min,Family,A historical drama,5.8
s74,TV Show,The Series 7,James Martinez,"Ava Clark, Emma Smith, Ethan Rodriguez, Benjamin Turner, Matt Anderson",Belgium,"August 27, 2020",2025,TV-14,10 Seasons,"War & Military, Mystery, Crime",A dark horror story,5.4
s75,TV Show,Sci-Fi Chronicles 26,Sarah Johnson,,"Egypt, Taiwan","September 02, 2016",2022,TV-14,6 Seasons,"Family, Crime, Sports",A romantic comedy,4.6
s76,TV Show,Adventure Time 44,Michelle Rodriguez,"Amelia Moore, Isabella Adams",Thailand,"February 02, 2023",2020,TV-MA,10 Seasons,Documentary,A musical journey,
s77,TV Show,The Series 29,David Wilson,"Mia Young, William Thompson, Isabella Adams","South Korea, Spain","October 25, 2020",2010,TV-G,9 Seasons,"Musical, Crime, Mystery",A musical journey,8.3
s78,Movie,Sci-Fi Future 79,Maria Garcia,"Grace Martinez, Chloe Lopez, Benjamin Turner, Matt Anderson",Hong Kong,"November 29, 2018",2007,TV-14,199 min,"Mystery, Thriller, Family",A musical journey,
s79,Movie,Musical Dreams 84,Jessica Turner,"Charlotte Miller, Luke Garcia, Jake Wilson, Olivia Brown",Argentina,"July 27, 2015",2023,R,73 min,Sports,A mysterious drama series,
s80,Movie,War Stories 21,Jessica Turner,"Chloe Lopez, Noah White, Amelia Moore","Canada, Thailand","December 31, 2020",1992,PG-13,166 min,Comedy,A documentary about life,5.4
s81,TV Show,Fantasy World 19,John Smith,"Noah White, Chloe Lopez",Egypt,"July 16, 2020",1998,TV-G,5 Seasons,Romance,A historical drama,5.4
s82,Movie,Thriller Night 38,Robert Taylor,"Mia Young, William Thompson, Noah White, Ryan Davis, Ethan Rodriguez",Spain,"May 09, 2020",2005,,158 min,"Crime, Family",A sci-fi epic,
s83,Movie,Family Fun 89,Emily Davis,"Ethan Rodriguez, William Thompson, Chloe Lopez",Philippines,"February 14, 2019",2004,TV-G,99 min,"Mystery, Biography, Sports",A historical drama,8.1
s84,Movie,Sports Champion 11,Anthony Green,"Benjamin Turner, Olivia Brown",Malaysia,"April 08, 2017",1999,TV-PG,173 min,Sports,A crime investigation story,4.8
s85,Movie,Comedy Central 66,Mark Thompson,"Chloe Lopez, Tom Johnson, Ethan Rodriguez, Luke Garcia, Benjamin Turner",India,"October 02, 2019",1994,G,77 min,Family,A mysterious drama series,9.1
s86,Movie,Animation World 48,Daniel Clark,"Ethan Rodriguez, Ryan Davis, Charlotte Miller, Jake Wilson, Ava Clark","Switzerland, Egypt, Spain","March 01, 2023",1990,NC-17,178 min,"Historical, War & Military",An action-packed thriller,5.2
s87,TV Show,Drama Series 47,Sarah Johnson,"Amelia Moore, Tom Johnson, Grace Martinez, Matt Anderson, Ryan Davis",South Korea,"September 29, 2017",2015,TV-PG,4 Seasons,"Thriller, Western",An action-packed thriller,7.9
s88,Movie,Thriller Night 74,Christopher Lee,"William Thompson, Grace Martinez, Mia Young",Mexico,"January 08, 2022",2025,TV-Y,157 min,Biography,A romantic comedy,8.0
s89,TV Show,Romance Stories 16,Jennifer Lopez,"Oliver Green, Emma Smith, Charlotte Miller",Egypt,"July 03, 2016",2006,TV-MA,2 Seasons,"Drama, Sci-Fi & Fantasy",A documentary about life,7.3
s90,Movie,Love Story 25,Mark Thompson,"Isabella Adams, Matt Anderson, Noah White","Turkey, Italy","April 26, 2023",2020,NR,112 min,Crime,A documentary about life,7.5
s91,Movie,Romance Road 34,Jessica Turner,"Noah White, Matt Anderson, Ava Clark, Amelia Moore, Mia Young","Australia, United Kingdom","December 04, 2017",2016,R,144 min,"Documentary, Sports",A historical drama,8.1
s92,TV Show,Romance Stories 47,Jessica Turner,"Sophie Taylor, Jake Wilson, Charlotte Miller, Isabella Adams","South Korea, Egypt","May 19, 2015",1994,TV-MA,1 Season,Documentary,A mysterious drama series,
s93,TV Show,Sci-Fi Chronicles 30,Laura Miller,"Isabella Adams, Tom Johnson, Benjamin Turner, Mia Young, Charlotte Miller",,"February 06, 2023",2008,,7 Seasons,"Horror, Historical, Thriller",A sci-fi epic,8.3
s94,Movie,Sci-Fi Future 51,,"Benjamin Turner, Grace Martinez, Amelia Moore, Chloe Lopez, Ryan Davis","India, Canada","July 19, 2019",2025,TV-MA,62 min,Biography,A dark horror story,8.5
s95,TV Show,Mystery Show 34,Maria Garcia,"Luke Garcia, Emma Smith, Ryan Davis, Amelia Moore, Benjamin Turner","United Kingdom, Turkey","August 01, 2021",2015,NC-17,3 Seasons,"War & Military, Crime",A musical journey,
s96,Movie,Love Story 65,Amanda White,"Grace Martinez, Ryan Davis, Noah White, Ethan Rodriguez, Charlotte Miller",China,"July 02, 2020",2025,TV-Y7,107 min,"Drama, Family",A musical journey,
s97,Movie,Sci-Fi Future 20,David Wilson,"Ava Clark, Olivia Brown, Ryan Davis, Tom Johnson",Nigeria,"February 23, 2016",2001,TV-PG,191 min,Mystery,A sci-fi epic,6.0
s98,Movie,Documentary Life 2,Daniel Clark,"Benjamin Turner, William Thompson, Sophie Taylor",Nigeria,"May 18, 2018",1999,,171 min,Drama,An action-packed thriller,6.8
s99,Movie,Sports Champion 26,David Wilson,"Noah White, Ethan Rodriguez, Amelia Moore, Oliver Green, Charlotte Miller","Spain, Indonesia","August 06, 2018",2002,PG-13,161 min,Sports,An action-packed thriller,5.8
s100,Movie,Documentary Life 47,Mark Thompson,,Philippines,"April 27, 2024",2016,PG-13,137 min,"Biography, War & Military",A sci-fi epic,6.4
s101,Movie,Fantasy Land 89,Sarah Johnson,"Charlotte Miller, Ryan Davis, Olivia Brown, Grace Martinez",India,"April 25, 2021",2015,TV-Y,170 min,Documentary,A crime investigation story,7.7
s102,Movie,Drama Queen 58,Kevin Young,,Canada,"April 20, 2016",1999,TV-Y,176 min,"Mystery, Sports",A musical journey,6.0
s103,Movie,Romance Road 6,Emily Davis,,Brazil,"June 05, 2025",2005,TV-PG,100 min,Musical,A documentary about life,5.4
s104,Movie,Animation World 51,,"Oliver Green, Benjamin Turner, Mia Young","Turkey, Nigeria","June 09, 2023",1994,TV-PG,107 min,Horror,An animated adventure,7.5
s105,TV Show,Family Show 25,Mark Thompson,"Oliver Green, Sophie Taylor, Chloe Lopez, Ryan Davis",Argentina,"June 04, 2018",2013,TV-PG,7 Seasons,War & Military,An animated adventure,7.8
s106,Movie,Adventure Quest 72,Jennifer Lopez,"Oliver Green, Emma Smith, Ava Clark, Tom Johnson",Belgium,"April 19, 2021",2021,TV-G,166 min,Romance,A thrilling adventure story,5.5
s107,Movie,Action Hero 36,Jennifer Lopez,"Benjamin Turner, Isabella Adams, Charlotte Miller, William Thompson, Olivia Brown",Israel,"March 26, 2024",2024,G,172 min,"Horror, Documentary, Family",A thrilling adventure story,6.1
s108,TV Show,Animation Fun 6,Emily Davis,"Matt Anderson, Benjamin Turner, Ava Clark",Russia,"November 10, 2016",2003,G,10 Seasons,Historical,A musical journey,7.2
s109,Movie,Fantasy Land 87,David Wilson,"Emma Smith, Luke Garcia, Jake Wilson, Charlotte Miller, Grace Martinez",Argentina,"July 16, 2023",2015,TV-14,128 min,Drama,A heartwarming family tale,8.0
s110,Movie,Family Fun 59,Christopher Lee,"Oliver Green, Ava Clark","Switzerland, Turkey","October 26, 2019",2021,NC-17,146 min,Sports,A historical drama,4.7
s111,Movie,Musical Dreams 3,,,"Indonesia, Brazil","October 21, 2024",2007,TV-Y,124 min,"Romance, Comedy",A romantic comedy,8.0
s112,Movie,Animation World 84,,"Isabella Adams, Ryan Davis, Jake Wilson",China,"February 08, 2015",,PG,168 min,Documentary,A musical journey,5.0
s113,TV Show,Adventure Time 20,David Wilson,"Ryan Davis, William Thompson, Tom Johnson",Norway,"February 07, 2023",1999,TV-14,8 Seasons,Horror,A heartwarming family tale,6.3
s114,TV Show,Horror Tales 21,Maria Garcia,"Grace Martinez, Charlotte Miller","Philippines, United Kingdom","July 04, 2024",2009,TV-14,9 Seasons,Comedy,An action-packed thriller,5.0
s115,Movie,Crime Scene 82,Anthony Green,"Ava Clark, Noah White","Poland, Denmark","February 15, 2021",2020,PG,64 min,Sci-Fi & Fantasy,A thrilling adventure story,6.4
s116,TV Show,Action Pack 41,Michelle Rodriguez,"Ryan Davis, Charlotte Miller, Benjamin Turner, Jake Wilson, Luke Garcia",Turkey,"January 23, 2024",2010,TV-MA,2 Seasons,Documentary,A heartwarming family tale,5.0
s117,TV Show,Family Show 39,,"Olivia Brown, Tom Johnson, Jake Wilson",Norway,"November 12, 2020",2006,PG-13,5 Seasons,Action & Adventure,A documentary about life,4.8
s118,Movie,Biography Life 81,,"Emma Smith, Isabella Adams, Sophie Taylor, Ava Clark","Germany, Thailand","April 23, 2023",1992,G,122 min,Thriller,A thrilling adventure story,8.8
s119,TV Show,Fantasy World 42,Christopher Lee,"Luke Garcia, Ryan Davis, Ava Clark, Olivia Brown","Mexico, Thailand","January 08, 2024",1992,PG,8 Seasons,"Family, Crime",An animated adventure,
s120,Movie,Horror House 38,Jennifer Lopez,"Oliver Green, Ava Clark, Isabella Adams","Israel, Argentina","September 08, 2016",,R,198 min,"Action & Adventure, Crime",,8.5
s121,TV Show,Fantasy World 20,Anthony Green,"Isabella Adams, Emma Smith, Jake Wilson, Luke Garcia, Ryan Davis",Egypt,"August 19, 2019",2013,NR,2 Seasons,"War & Military, Drama",A thrilling adventure story,9.0
s122,TV Show,Drama Series 19,Christopher Lee,"Noah White, Amelia Moore, Oliver Green, Luke Garcia, Grace Martinez",France,"September 28, 2016",2018,TV-Y7,2 Seasons,"Sci-Fi & Fantasy, Musical, Family",A heartwarming family tale,
s123,Movie,Romance Road 91,Sarah Johnson,"Jake Wilson, Ryan Davis, Grace Martinez, Ava Clark",Indonesia,"December 01, 2017",2001,,163 min,"Historical, Documentary",A heartwarming family tale,5.2
s124,Movie,The Mystery 8,Maria Garcia,"Ava Clark, Ryan Davis, Luke Garcia, Benjamin Turner, Tom Johnson",China,"January 28, 2024",2011,TV-G,72 min,"War & Military, Sports",,5.3
s125,Movie,Horror House 24,Kevin Young,"Amelia Moore, Grace Martinez",Hong Kong,"September 07, 2015",2014,R,194 min,"Historical, Action & Adventure, War & Military",A dark horror story,8.2
s126,Movie,Family Fun 73,Daniel Clark,"Noah White, Grace Martinez","Nigeria, South Korea","January 26, 2024",2023,TV-14,119 min,Documentary,A musical journey,
s127,TV Show,Drama Series 37,Daniel Clark,"Sophie Taylor, Grace Martinez, Noah White",United Kingdom,"November 21, 2022",1999,R,8 Seasons,Comedy,An action-packed thriller,4.6
s128,TV Show,Romance Stories 1,Laura Miller,"Noah White, Sophie Taylor, Amelia Moore",Australia,"September 07, 2023",2023,PG,6 Seasons,"Horror, Crime",A mysterious drama series,7.9
s129,Movie,Animation World 82,,"Grace Martinez, Benjamin Turner, Sophie Taylor, Ethan Rodriguez",Spain,"December 28, 2016",2015,TV-14,68 min,Documentary,A heartwarming family tale,5.2
s130,Movie,Love Story 31,Christopher Lee,"Noah White, Oliver Green",,"May 08, 2017",1994,PG,60 min,Biography,A documentary about life,6.3
s131,Movie,War Stories 49,Jessica Turner,"Sophie Taylor, Oliver Green, Ryan Davis",United Kingdom,"July 29, 2018",1996,,103 min,Drama,A heartwarming family tale,9.1
s132,Movie,Crime Scene 91,,"Amelia Moore, Mia Young, Sophie Taylor",Italy,"August 04, 2019",2024,NC-17,136 min,Historical,A mysterious drama series,
s133,Movie,The Mystery 55,,"Matt Anderson, Olivia Brown, Tom Johnson, Amelia Moore, Sophie Taylor","Hong Kong, Germany, Indonesia","October 20, 2023",2021,NC-17,83 min,Mystery,A dark horror story,4.7
s134,Movie,Musical Dreams 60,James Martinez,"Olivia Brown, Ryan Davis, Ava Clark",Thailand,"March 17, 2021",2014,TV-Y7,197 min,"Documentary, Sports, Family",A musical journey,
s135,TV Show,Family Show 34,Laura Miller,"Sophie Taylor, Amelia Moore, Matt Anderson, Charlotte Miller, Jake Wilson",Russia,"April 07, 2017",1999,NC-17,6 Seasons,"Drama, Historical, War & Military",A crime investigation story,5.8
s136,Movie,Musical Dreams 2,Laura Miller,"Olivia Brown, Mia Young, Jake Wilson, Charlotte Miller, Amelia Moore",France,"October 24, 2023",2024,TV-Y7,127 min,Sports,A romantic comedy,7.4
s137,Movie,Documentary Life 5,Christopher Lee,"Isabella Adams, Luke Garcia",Indonesia,"June 27, 2018",2021,TV-MA,85 min,Family,An animated adventure,6.0
s138,TV Show,Fantasy World 27,Michael Brown,"Mia Young, Isabella Adams, William Thompson","Malaysia, Brazil","September 26, 2015",2022,TV-PG,10 Seasons,Sci-Fi & Fantasy,An action-packed thriller,
s139,Movie,Action Hero 47,,"William Thompson, Ethan Rodriguez, Olivia Brown, Tom Johnson, Grace Martinez",Mexico,"October 05, 2024",2025,PG-13,126 min,"Family, Action & Adventure",A mysterious drama series,8.2
s140,TV Show,Drama Series 15,Robert Taylor,"William Thompson, Tom Johnson, Benjamin Turner, Isabella Adams, Jake Wilson",United States,"July 05, 2017",2009,NR,5 Seasons,Mystery,An action-packed thriller,7.7
s141,TV Show,Animation Fun 40,Emily Davis,,"Denmark, Philippines, Indonesia","September 04, 2022",1994,NC-17,6 Seasons,Family,A crime investigation story,8.7
s142,Movie,Sports Champion 52,David Wilson,"Chloe Lopez, Luke Garcia, Mia Young, Ethan Rodriguez, William Thompson",Italy,"November 06, 2018",2004,TV-MA,181 min,"Western, Family",A historical drama,5.4
s143,Movie,Dark Night 61,James Martinez,"Noah White, Ryan Davis, Grace Martinez","Indonesia, Poland","November 03, 2023",2013,NC-17,178 min,Drama,An action-packed thriller,8.6
s144,Movie,Documentary Life 68,Sarah Johnson,"Jake Wilson, Matt Anderson, Noah White",Taiwan,"August 09, 2016",2001,TV-G,145 min,Comedy,,8.1
s145,Movie,Adventure Quest 74,Jessica Turner,"Jake Wilson, Mia Young",Hong Kong,"April 20, 2019",,NR,155 min,"Western, Sci-Fi & Fantasy, Action & Adventure",A historical drama,5.6
s146,Movie,Family Fun 40,,"Sophie Taylor, Ryan Davis, Emma Smith, Chloe Lopez",Egypt,"September 08, 2021",2017,PG-13,147 min,Sci-Fi & Fantasy,A documentary about life,
s147,Movie,Drama Queen 94,Robert Taylor,"Olivia Brown, Ava Clark, Emma Smith",Israel,"December 27, 2021",1993,TV-MA,65 min,Musical,A crime investigation story,7.8
s148,Movie,Horror House 89,John Smith,"William Thompson, Luke Garcia","Poland, France","September 26, 2020",1997,PG,187 min,Animation,An action-packed thriller,6.4
s149,Movie,Adventure Quest 6,Robert Taylor,"Noah White, Grace Martinez, Tom Johnson, Charlotte Miller, Ryan Davis","Singapore, Australia","August 24, 2025",2022,,85 min,"Musical, Family",A thrilling adventure story,
s150,Movie,Adventure Quest 6,Amanda White,"Mia Young, Olivia Brown, Benjamin Turner, Emma Smith",,"July 20, 2016",2000,TV-G,128 min,Crime,A documentary about life,6.6
s151,TV Show,Animation Fun 25,Jessica Turner,"Olivia Brown, Jake Wilson, Emma Smith","France, Poland","March 21, 2025",2018,TV-Y7,6 Seasons,"Thriller, Sports, Western",A documentary about life,4.8
s152,Movie,Thriller Night 2,Anthony Green,"Noah White, William Thompson, Benjamin Turner",Russia,"June 03, 2022",2020,TV-MA,158 min,"Comedy, Action & Adventure",A mysterious drama series,6.7
s153,Movie,Crime Scene 22,,"Noah White, Luke Garcia, Emma Smith",Belgium,"July 10, 2019",1995,TV-14,174 min,Crime,An animated adventure,4.6
s154,Movie,Documentary Life 53,,"Amelia Moore, Chloe Lopez",Taiwan,"August 28, 2025",1993,TV-G,144 min,"Sports, Mystery",A heartwarming family tale,
s155,TV Show,Crime Investigation 15,,"Charlotte Miller, William Thompson, Ava Clark, Olivia Brown",Spain,"March 20, 2024",2016,TV-14,4 Seasons,"War & Military, Sci-Fi & Fantasy, Musical",An action-packed thriller,5.0
s156,Movie,Animation World 6,Mark Thompson,"Oliver Green, Benjamin Turner, William Thompson, Jake Wilson, Isabella Adams",,"April 04, 2023",2017,TV-G,190 min,"Romance, Thriller, Horror",A sci-fi epic,6.0
s157,Movie,Documentary Life 54,Maria Garcia,"Chloe Lopez, Oliver Green, Jake Wilson, Charlotte Miller","Malaysia, Indonesia","June 15, 2024",2010,TV-PG,115 min,"Family, Mystery",A mysterious drama series,7.6
s158,TV Show,Comedy Hour 33,Christopher Lee,"Charlotte Miller, Isabella Adams, Mia Young, Chloe Lopez",United States,"November 11, 2020",2014,TV-MA,1 Season,"Romance, Family",A mysterious drama series,7.7
s159,Movie,Romance Road 27,Sarah Johnson,"Olivia Brown, Charlotte Miller, Grace Martinez, Ethan Rodriguez, Benjamin Turner","Philippines, South Korea","May 22, 2025",2016,TV-MA,140 min,Animation,An animated adventure,8.8
s160,TV Show,Fantasy World 46,Mark Thompson,"Matt Anderson, Chloe Lopez, Oliver Green",Mexico,"December 12, 2016",1997,TV-Y7,5 Seasons,Animation,,8.9
s161,Movie,Action Hero 20,Laura Miller,"Isabella Adams, Benjamin Turner, Charlotte Miller, Ava Clark","Egypt, Thailand","January 23, 2017",2022,TV-PG,197 min,Sci-Fi & Fantasy,A dark horror story,5.5
s162,Movie,Sports Champion 68,Nicole Adams,"Olivia Brown, Ava Clark","Argentina, India","August 27, 2022",2014,PG,158 min,"Action & Adventure, Western",A dark horror story,6.9
s163,Movie,Crime Scene 6,Robert Taylor,"Olivia Brown, Sophie Taylor","Israel, United States","January 11, 2022",2003,TV-Y7,86 min,"Biography, Drama",A mysterious drama series,
s164,Movie,Thriller Night 5,,"Charlotte Miller, Ryan Davis, Grace Martinez, Luke Garcia",Switzerland,"November 09, 2019",2014,TV-PG,61 min,"Comedy, Drama",A crime investigation story,
s165,Movie,Romance Road 78,,"Ethan Rodriguez, Amelia Moore, Tom Johnson, Isabella Adams, Sophie Taylor",Switzerland,"December 08, 2023",2024,TV-MA,96 min,"Mystery, Action & Adventure, Thriller",A thrilling adventure story,6.4
s166,TV Show,Sci-Fi Chronicles 6,Amanda White,"Sophie Taylor, Amelia Moore, Grace Martinez",Germany,"January 12, 2017",1993,TV-PG,8 Seasons,Drama,An action-packed thriller,6.8
s167,Movie,Thriller Night 46,Maria Garcia,"Matt Anderson, Noah White",Indonesia,"October 11, 2022",2013,TV-Y7,103 min,,An action-packed thriller,7.5
s168,Movie,Sci-Fi Future 47,Christopher Lee,"Oliver Green, Ava Clark, Chloe Lopez, Isabella Adams, Olivia Brown",Nigeria,"August 18, 2024",2024,NR,79 min,"Western, Action & Adventure, War & Military",An action-packed thriller,7.1
s169,Movie,War Stories 70,David Wilson,"Benjamin Turner, Chloe Lopez, Jake Wilson",Switzerland,"January 30, 2019",2005,TV-14,102 min,Romance,A sci-fi epic,9.0
s170,Movie,Crime Scene 46,,"Ryan Davis, Luke Garcia, Ava Clark",Egypt,"March 07, 2025",2014,TV-G,71 min,"Horror, Western",A romantic comedy,5.7
s171,Movie,War Stories 73,Daniel Clark,"William Thompson, Luke Garcia","Egypt, Switzerland","December 16, 2018",2012,TV-G,61 min,Romance,A crime investigation story,5.5
s172,Movie,Adventure Quest 21,Emily Davis,"Noah White, Olivia Brown, Isabella Adams, Charlotte Miller, William Thompson",Poland,"April 02, 2015",1998,PG-13,94 min,Thriller,A romantic comedy,6.9
s173,Movie,Documentary Life 77,John Smith,"Ryan Davis, Matt Anderson, Oliver Green, Isabella Adams",Poland,"September 27, 2021",2001,TV-PG,127 min,"Musical, Drama",A documentary about life,
s174,Movie,The Mystery 26,Anthony Green,"Amelia Moore, Olivia Brown, Sophie Taylor",India,"November 04, 2024",2022,PG,183 min,"Historical, Action & Adventure, Biography",A dark horror story,7.8
s175,Movie,Animation World 30,,,"Canada, Philippines","September 16, 2021",2016,G,61 min,Action & Adventure,An action-packed thriller,6.0
s176,Movie,Family Fun 14,Mark Thompson,"Benjamin Turner, Ava Clark, Luke Garcia, Ethan Rodriguez, Matt Anderson","Hong Kong, Mexico","February 25, 2019",2020,NC-17,148 min,Thriller,A historical drama,
s177,Movie,Drama Queen 58,Lisa Anderson,"Noah White, Charlotte Miller, Emma Smith, Sophie Taylor, Ethan Rodriguez",Canada,"March 26, 2024",2017,NC-17,116 min,"War & Military, Historical",A crime investigation story,9.0
s178,Movie,Action Hero 100,Jessica Turner,"William Thompson, Chloe Lopez, Matt Anderson",Egypt,"October 31, 2022",2000,TV-Y,121 min,"Drama, Animation, War & Military",A documentary about life,5.4
s179,TV Show,The Series 48,Michael Brown,"Ava Clark, Luke Garcia, Grace Martinez, Matt Anderson",United States,"December 05, 2017",2022,PG,9 Seasons,"Western, Animation, Historical",A documentary about life,8.1
s180,Movie,Thriller Night 100,Kevin Young,"Isabella Adams, Olivia Brown",Thailand,"August 04, 2022",2010,TV-Y,192 min,"Animation, Documentary",A documentary about life,8.4
s181,Movie,Love Story 71,Jessica Turner,"Benjamin Turner, Luke Garcia, Sophie Taylor",Italy,"August 05, 2020",2005,NC-17,112 min,"Mystery, Thriller",A heartwarming family tale,7.7
s182,Movie,Crime Scene 79,,"Isabella Adams, Ava Clark",Nigeria,"July 03, 2020",2022,R,92 min,"Sports, Comedy",A documentary about life,8.1
s183,TV Show,Romance Stories 8,Kevin Young,"Tom Johnson, Matt Anderson",Denmark,"November 14, 2021",2001,R,5 Seasons,"Mystery, Romance",An action-packed thriller,8.0
s184,TV Show,Adventure Time 26,Lisa Anderson,"Olivia Brown, Luke Garcia, Grace Martinez","Italy, Australia","December 21, 2023",1999,G,3 Seasons,Western,A dark horror story,5.9
s185,Movie,War Stories 73,,"Emma Smith, Matt Anderson, Luke Garcia",China,"May 08, 2023",2013,TV-PG,125 min,Mystery,A sci-fi epic,7.2
s186,Movie,War Stories 23,Jennifer Lopez,"Oliver Green, Ryan Davis, Ethan Rodriguez, Chloe Lopez, Amelia Moore",Brazil,"March 08, 2022",2011,TV-14,163 min,Romance,A dark horror story,5.9
s187,TV Show,Action Pack 39,James Martinez,"Benjamin Turner, William Thompson, Oliver Green, Mia Young","Spain, Argentina","June 04, 2022",1995,TV-Y7,2 Seasons,"Sports, Comedy, Action & Adventure",A crime investigation story,4.9
s188,Movie,Sci-Fi Future 80,Daniel Clark,"Chloe Lopez, Oliver Green, Jake Wilson","United Kingdom, India","June 10, 2022",2010,TV-G,198 min,"Thriller, Romance",An animated adventure,7.5
s189,Movie,Biography Life 56,Nicole Adams,"Isabella Adams, Charlotte Miller, Grace Martinez, Ryan Davis",Colombia,"September 29, 2016",1990,PG-13,148 min,"Sports, Historical",A documentary about life,7.3
s190,Movie,The Mystery 71,Michelle Rodriguez,"Ethan Rodriguez, Grace Martinez, Sophie Taylor, Amelia Moore, William Thompson",Argentina,"October 17, 2020",2007,NR,196 min,Drama,A romantic comedy,
s191,Movie,Musical Dreams 80,Laura Miller,"Tom Johnson, Jake Wilson, Emma Smith, Amelia Moore",Nigeria,"May 27, 2016",1990,PG-13,63 min,Family,An animated adventure,6.7
s192,TV Show,Documentary Series 3,David Wilson,"Ryan Davis, Charlotte Miller, Isabella Adams, Sophie Taylor, Matt Anderson",Belgium,"April 15, 2024",,NR,4 Seasons,"Documentary, Comedy, Sci-Fi & Fantasy",A heartwarming family tale,9.1
s193,TV Show,Romance Stories 25,Jennifer Lopez,"Emma Smith, Charlotte Miller, William Thompson",Indonesia,"March 24, 2017",1993,R,2 Seasons,Action & Adventure,A romantic comedy,6.4
s194,Movie,Drama Queen 2,Mark Thompson,"Amelia Moore, Jake Wilson, Ava Clark, Ryan Davis, Grace Martinez",Sweden,"June 09, 2025",1993,,99 min,"Thriller, Sports",A crime investigation story,8.1
s195,Movie,Musical Dreams 94,Daniel Clark,"Luke Garcia, Emma Smith, Isabella Adams",Israel,"October 26, 2022",2001,TV-Y,179 min,"Historical, Romance",A mysterious drama series,8.4
s196,Movie,War Stories 47,Anthony Green,"Tom Johnson, Ava Clark, Grace Martinez",Israel,"March 08, 2024",2023,TV-PG,99 min,Crime,A crime investigation story,4.7
s197,TV Show,Comedy Hour 12,Robert Taylor,"Olivia Brown, Emma Smith, Ethan Rodriguez",Colombia,"July 21, 2015",1994,,4 Seasons,"Drama, Musical, Comedy",A musical journey,6.5
s198,TV Show,Adventure Time 46,,"Ryan Davis, Chloe Lopez",Egypt,"February 02, 2016",2004,R,4 Seasons,Romance,A crime investigation story,5.0
s199,TV Show,Crime Investigation 37,Kevin Young,"Olivia Brown, Sophie Taylor, Benjamin Turner, Ethan Rodriguez, Noah White",China,"June 20, 2025",2010,TV-Y,6 Seasons,"Crime, Documentary",An action-packed thriller,7.1
s200,TV Show,Fantasy World 17,Kevin Young,"Tom Johnson, Emma Smith, Chloe Lopez, Amelia Moore, Jake Wilson",Indonesia,"June 27, 2017",2010,,5 Seasons,"Thriller, Horror",A dark horror story,5.7
s201,Movie,Biography Life 32,Jennifer Lopez,"Benjamin Turner, Matt Anderson, Ryan Davis, Noah White, Isabella Adams","France, Indonesia","June 03, 2015",2014,,74 min,Biography,A heartwarming family tale,5.6
s202,Movie,Sports Champion 2,Daniel Clark,"Noah White, Charlotte Miller",Thailand,"September 19, 2016",2015,TV-14,189 min,War & Military,A dark horror story,
s203,Movie,Biography Life 96,,"Ethan Rodriguez, William Thompson",Spain,"May 23, 2020",2021,TV-14,110 min,"Western, Documentary, Historical",A documentary about life,8.8
s204,TV Show,Mystery Show 8,Michelle Rodriguez,"Noah White, Ava Clark, Tom Johnson",Norway,"November 29, 2021",2018,TV-G,1 Season,Mystery,A musical journey,5.0
s205,Movie,Action Hero 32,David Wilson,"Tom Johnson, Noah White, Olivia Brown, Chloe Lopez",Turkey,"April 20, 2023",2003,NC-17,200 min,"Thriller, Action & Adventure",A historical drama,5.7
s206,Movie,Action Hero 37,Laura Miller,"Tom Johnson, Ryan Davis, Ethan Rodriguez, Luke Garcia, Ava Clark",Belgium,"August 04, 2017",2022,PG,140 min,"Drama, Romance",An animated adventure,7.8
s207,Movie,Action Hero 32,Jennifer Lopez,"Sophie Taylor, Tom Johnson, Ava Clark, Charlotte Miller, William Thompson",Malaysia,"February 03, 2018",2006,G,131 min,War & Military,A heartwarming family tale,6.9
s208,Movie,Sports Champion 81,Michelle Rodriguez,"Mia Young, Chloe Lopez, Noah White",Spain,"July 07, 2021",2002,NC-17,194 min,Thriller,A sci-fi epic,6.0
s209,Movie,War Stories 69,,"Tom Johnson, Noah White, Mia Young",Nigeria,"September 14, 2016",1996,G,128 min,"Documentary, Historical",A dark horror story,
s210,Movie,Crime Scene 18,Laura Miller,"Sophie Taylor, Ethan Rodriguez, Isabella Adams, Charlotte Miller",India,"August 01, 2019",1990,TV-Y7,116 min,"Sci-Fi & Fantasy, Drama, Romance",An animated adventure,6.8
s211,Movie,Thriller Night 59,Michelle Rodriguez,"Amelia Moore, Ethan Rodriguez",Israel,"November 21, 2020",1992,TV-G,176 min,Documentary,A documentary about life,4.7
s212,Movie,Documentary Life 67,Sarah Johnson,"Ethan Rodriguez, Chloe Lopez, Benjamin Turner, Oliver Green, Sophie Taylor",South Korea,"September 27, 2022",1999,TV-MA,175 min,"Romance, Thriller",A dark horror story,5.3
s213,Movie,Biography Life 92,Kevin Young,"Sophie Taylor, Olivia Brown, Ryan Davis, Benjamin Turner",Canada,"November 15, 2020",2022,PG-13,156 min,Romance,A sci-fi epic,8.6
s214,Movie,Adventure Quest 19,Sarah Johnson,"Oliver Green, Chloe Lopez, Sophie Taylor, Olivia Brown","United States, Colombia, Taiwan","July 31, 2020",2024,TV-14,186 min,"Sports, Musical",A heartwarming family tale,4.5
s215,TV Show,Musical Show 36,Nicole Adams,"Emma Smith, Sophie Taylor, Jake Wilson",Australia,"July 29, 2024",2009,PG,1 Season,"Romance, Family, Historical",A musical journey,8.9
s216,Movie,Love Story 99,Amanda White,"Mia Young, Charlotte Miller",Germany,"October 16, 2022",2011,TV-PG,113 min,"Horror, Western",An animated adventure,7.3
s217,Movie,Romance Road 55,Christopher Lee,"Jake Wilson, Benjamin Turner, Isabella Adams, William Thompson",Mexico,"November 28, 2024",2008,G,90 min,"Horror, Sci-Fi & Fantasy",A documentary about life,6.1
s218,TV Show,Sci-Fi Chronicles 41,Robert Taylor,"Ryan Davis, Chloe Lopez, Benjamin Turner, William Thompson","Germany, Sweden","October 30, 2018",1991,R,6 Seasons,"Sports, Historical, Comedy",An animated adventure,6.7
s219,Movie,War Stories 43,Michelle Rodriguez,"William Thompson, Chloe Lopez",Israel,"March 18, 2015",2011,TV-Y,76 min,Action & Adventure,A documentary about life,8.5
s220,TV Show,Family Show 39,Laura Miller,"Noah White, Emma Smith, Luke Garcia, Mia Young","Denmark, China","April 20, 2024",2003,PG-13,2 Seasons,Sci-Fi & Fantasy,An animated adventure,8.3
s221,Movie,Fantasy Land 20,,"Noah White, Jake Wilson, Olivia Brown, William Thompson",,"February 25, 2020",2023,NC-17,71 min,"Drama, Crime",A thrilling adventure story,
s222,Movie,Romance Road 3,Jennifer Lopez,"Noah White, Matt Anderson, Benjamin Turner",China,"July 11, 2022",1999,PG,63 min,"Horror, Sci-Fi & Fantasy",A crime investigation story,5.2
s223,Movie,Romance Road 74,Michael Brown,"Charlotte Miller, Oliver Green, Emma Smith, Jake Wilson","South Korea, France","April 21, 2019",2017,NR,174 min,Sci-Fi & Fantasy,A historical drama,4.9
s224,Movie,Musical Dreams 73,Kevin Young,"Oliver Green, Isabella Adams, Grace Martinez, Charlotte Miller","Colombia, Denmark","May 25, 2019",2011,TV-Y,176 min,Horror,An animated adventure,5.8
s225,Movie,Family Fun 78,Anthony Green,"Noah White, Charlotte Miller","Israel, Taiwan","June 30, 2019",2005,TV-PG,100 min,Crime,A musical journey,8.2
s226,Movie,Animation World 73,Nicole Adams,"Ryan Davis, Benjamin Turner, Isabella Adams",Netherlands,"March 23, 2021",2018,TV-Y7,77 min,"War & Military, Crime",A historical drama,
s227,TV Show,Drama Series 9,,,Italy,"April 22, 2017",2010,TV-MA,5 Seasons,"Mystery, Drama, Action & Adventure",A crime investigation story,5.1
s228,Movie,Romance Road 8,Nicole Adams,"Charlotte Miller, Ava Clark",United Kingdom,"August 21, 2017",2015,NR,157 min,Sci-Fi & Fantasy,An animated adventure,
s229,TV Show,Sci-Fi Chronicles 25,Amanda White,"Chloe Lopez, Jake Wilson, Benjamin Turner",,"April 09, 2022",,TV-G,7 Seasons,Thriller,A documentary about life,8.7
s230,Movie,Sports Champion 55,Kevin Young,"Ethan Rodriguez, Ava Clark, Grace Martinez, Sophie Taylor, Mia Young",Argentina,"December 26, 2022",2016,TV-14,153 min,Sports,A heartwarming family tale,9.0
s231,TV Show,Mystery Show 10,Anthony Green,"Oliver Green, William Thompson, Ryan Davis, Benjamin Turner",Hong Kong,"January 27, 2022",1994,TV-PG,10 Seasons,Crime,A thrilling adventure story,6.9
s232,Movie,Crime Scene 74,Michelle Rodriguez,"Chloe Lopez, Sophie Taylor, Emma Smith, Amelia Moore",South Korea,"January 21, 2022",2000,TV-MA,134 min,"Family, Sports",A crime investigation story,
s233,Movie,Sci-Fi Future 33,James Martinez,"Tom Johnson, Olivia Brown, Sophie Taylor, Jake Wilson",Mexico,"December 06, 2017",2005,TV-PG,68 min,Thriller,A mysterious drama series,8.0
s234,Movie,Animation World 99,Kevin Young,"Matt Anderson, Benjamin Turner, Ava Clark",Germany,"August 04, 2015",2015,TV-G,196 min,"War & Military, Sports",A crime investigation story,4.6
s235,Movie,Musical Dreams 49,Anthony Green,"Olivia Brown, Charlotte Miller","Russia, Nigeria, Sweden","January 12, 2018",1996,TV-14,160 min,"Documentary, Sci-Fi & Fantasy",A historical drama,5.3
s236,TV Show,Sci-Fi Chronicles 1,Michael Brown,,China,"December 10, 2018",2008,G,1 Season,Sci-Fi & Fantasy,A historical drama,
s237,Movie,Dark Night 12,David Wilson,"Olivia Brown, Sophie Taylor, Luke Garcia",Japan,"March 01, 2022",2007,NR,142 min,"Animation, Comedy",A dark horror story,5.7
s238,Movie,Sci-Fi Future 23,Jessica Turner,"Amelia Moore, Ethan Rodriguez, Sophie Taylor",Israel,"August 15, 2023",1996,NR,126 min,Animation,A thrilling adventure story,5.2
s239,Movie,The Mystery 5,James Martinez,"Ethan Rodriguez, Benjamin Turner, Tom Johnson, William Thompson","Hong Kong, Russia","July 13, 2019",1994,G,158 min,"Sports, Horror",A dark horror story,5.9
s240,Movie,Action Hero 81,Michael Brown,"Ryan Davis, Oliver Green, Chloe Lopez, Matt Anderson",Belgium,"May 30, 2022",2014,TV-MA,151 min,"Musical, Sci-Fi & Fantasy, Thriller",A thrilling adventure story,7.3
s241,TV Show,Romance Stories 25,,"Isabella Adams, Charlotte Miller, Oliver Green, Tom Johnson",India,"July 19, 2019",2023,TV-MA,9 Seasons,"Drama, Comedy",An animated adventure,6.7
s242,TV Show,Musical Show 40,,"Tom Johnson, Sophie Taylor, Emma Smith","France, Taiwan","November 08, 2021",1994,PG,2 Seasons,"Documentary, Drama",A documentary about life,8.4
s243,TV Show,Fantasy World 44,Emily Davis,"Noah White, Matt Anderson, Emma Smith",Germany,"January 26, 2018",2016,TV-Y,9 Seasons,Comedy,A historical drama,8.2
s244,Movie,The Mystery 63,,,"Philippines, Poland","October 11, 2022",2020,R,96 min,"Biography, Documentary",A sci-fi epic,7.3
s245,Movie,Crime Scene 79,Jennifer Lopez,"Charlotte Miller, Grace Martinez","France, Denmark, Israel","September 09, 2020",2003,R,88 min,"Sports, Historical",A historical drama,4.8
s246,TV Show,Adventure Time 19,James Martinez,"Emma Smith, Olivia Brown, Amelia Moore, Sophie Taylor, William Thompson",Germany,"October 18, 2015",2018,TV-Y,7 Seasons,"Crime, Documentary",A dark horror story,5.6
s247,Movie,Animation World 26,Maria Garcia,"Emma Smith, Mia Young, Jake Wilson, Matt Anderson, Oliver Green",Taiwan,"January 27, 2023",2012,R,145 min,"Comedy, Animation",An animated adventure,5.3
s248,TV Show,Adventure Time 15,,,"Singapore, Turkey","August 20, 2021",2019,NR,7 Seasons,Crime,An action-packed thriller,7.3
s249,TV Show,Comedy Hour 37,Michelle Rodriguez,"Isabella Adams, William Thompson",Hong Kong,"January 30, 2024",1996,R,2 Seasons,Biography,A mysterious drama series,5.6
s250,TV Show,Mystery Show 2,Jennifer Lopez,"Benjamin Turner, Amelia Moore, Tom Johnson, Oliver Green, William Thompson","Switzerland, Mexico","November 10, 2023",2019,G,2 Seasons,"Western, Comedy",A romantic comedy,7.4
s251,Movie,Biography Life 27,Michael Brown,"Emma Smith, William Thompson, Ava Clark, Amelia Moore",India,"February 06, 2019",2025,TV-PG,112 min,Historical,An animated adventure,8.0
s252,Movie,Horror House 97,Maria Garcia,"William Thompson, Mia Young, Luke Garcia, Emma Smith",Singapore,"August 15, 2020",1997,TV-PG,196 min,Mystery,A musical journey,8.9
s253,TV Show,Mystery Show 13,Kevin Young,"Sophie Taylor, Chloe Lopez, Ryan Davis, Olivia Brown, Amelia Moore",Singapore,"September 08, 2016",2023,G,5 Seasons,"Thriller, Sports",An animated adventure,4.6
s254,Movie,Horror House 9,,"Mia Young, Benjamin Turner, Noah White, Charlotte Miller",Egypt,"June 10, 2024",2019,PG-13,138 min,Sports,A romantic comedy,4.7
s255,Movie,Family Fun 37,Lisa Anderson,"Charlotte Miller, Chloe Lopez, Sophie Taylor","Australia, Brazil","September 01, 2017",2010,TV-G,126 min,Comedy,A dark horror story,
s256,Movie,Musical Dreams 70,Nicole Adams,"Ethan Rodriguez, Isabella Adams","Netherlands, Australia","January 18, 2015",2024,TV-Y,135 min,Thriller,A musical journey,6.6
s257,TV Show,Fantasy World 8,Sarah Johnson,"Chloe Lopez, Tom Johnson","China, Norway","January 14, 2016",2002,R,5 Seasons,Musical,A heartwarming family tale,6.4
s258,Movie,Crime Scene 41,Anthony Green,"Ethan Rodriguez, Jake Wilson, Mia Young, Ava Clark",Norway,"December 10, 2018",2018,PG,115 min,Biography,A romantic comedy,7.9
s259,Movie,Animation World 94,David Wilson,"Jake Wilson, Matt Anderson","Egypt, Sweden, Japan","June 19, 2025",2014,TV-Y7,129 min,"Thriller, Sci-Fi & Fantasy",A documentary about life,6.8
s260,Movie,Romance Road 75,Nicole Adams,,"Hong Kong, Germany, Philippines","September 05, 2019",2005,,130 min,"Mystery, Sports, Biography",A historical drama,9.1
s261,Movie,Dark Night 48,Mark Thompson,,Australia,"August 02, 2018",1998,G,129 min,"Mystery, Comedy",A crime investigation story,4.9
s262,TV Show,Drama Series 50,Emily Davis,"Charlotte Miller, Noah White, Benjamin Turner",Indonesia,"January 16, 2018",2013,TV-14,6 Seasons,Western,An animated adventure,8.8
s263,Movie,Adventure Quest 14,Anthony Green,"Charlotte Miller, William Thompson, Amelia Moore","Germany, Poland","March 01, 2020",1997,G,182 min,"Thriller, Musical",A sci-fi epic,9.1
s264,Movie,Adventure Quest 91,,,"Russia, Germany, Japan","March 19, 2015",2017,,87 min,"Comedy, Sports",A romantic comedy,
s265,TV Show,Action Pack 43,,"Amelia Moore, Matt Anderson",Norway,"April 30, 2015",2007,TV-Y,6 Seasons,"Documentary, Western",A heartwarming family tale,8.1
s266,TV Show,Sci-Fi Chronicles 14,Jennifer Lopez,"Olivia Brown, Matt Anderson","Hong Kong, Denmark","October 30, 2022",2018,PG,3 Seasons,"Biography, Sci-Fi & Fantasy, Documentary",A dark horror story,
s267,Movie,Dark Night 67,Amanda White,"Ryan Davis, Noah White",Taiwan,"September 25, 2021",2018,TV-Y7,134 min,Drama,An animated adventure,6.2
s268,TV Show,The Series 44,Emily Davis,"Olivia Brown, Jake Wilson",France,"April 25, 2023",2000,,4 Seasons,"War & Military, Horror",A documentary about life,5.8
s269,Movie,Biography Life 76,Daniel Clark,"Isabella Adams, William Thompson, Luke Garcia, Jake Wilson, Oliver Green",Singapore,"August 03, 2017",1998,,73 min,Action & Adventure,A documentary about life,6.0
s270,Movie,Romance Road 80,Michael Brown,"Oliver Green, Matt Anderson, Chloe Lopez, Isabella Adams, William Thompson",Israel,"February 16, 2021",,TV-Y7,90 min,War & Military,A thrilling adventure story,
s271,TV Show,Sci-Fi Chronicles 43,Jennifer Lopez,"Isabella Adams, Mia Young, Jake Wilson",Germany,"May 19, 2021",2025,TV-14,8 Seasons,"Western, Comedy, War & Military",A sci-fi epic,7.4
s272,TV Show,Adventure Time 50,Christopher Lee,"Jake Wilson, Ava Clark","United Kingdom, Sweden","April 08, 2019",2012,TV-Y7,6 Seasons,Documentary,A sci-fi epic,
s273,TV Show,Fantasy World 5,,,Russia,"May 15, 2021",2016,NR,8 Seasons,"War & Military, Historical, Crime",An animated adventure,
s274,TV Show,Crime Investigation 14,Anthony Green,"Sophie Taylor, Chloe Lopez, Ava Clark, Mia Young",Japan,"June 04, 2024",2003,G,5 Seasons,Documentary,A heartwarming family tale,7.2
s275,Movie,Biography Life 44,Mark Thompson,"Mia Young, Matt Anderson, Ava Clark, Ryan Davis, Chloe Lopez",Israel,"July 07, 2018",2015,TV-PG,176 min,"Action & Adventure, Western",A sci-fi epic,7.6
s276,Movie,Musical Dreams 35,Nicole Adams,"Benjamin Turner, Emma Smith, William Thompson, Matt Anderson, Ava Clark",Indonesia,"June 19, 2024",2010,PG,112 min,Family,A romantic comedy,5.6
s277,TV Show,Drama Series 8,John Smith,"Oliver Green, Isabella Adams, Charlotte Miller, Mia Young","Italy, Brazil","January 22, 2018",2006,NC-17,9 Seasons,"Sports, Action & Adventure, Comedy",A heartwarming family tale,5.9
s278,Movie,Love Story 53,Michael Brown,,Egypt,"October 28, 2017",1995,PG,140 min,"War & Military, Documentary",An action-packed thriller,
s279,TV Show,Comedy Hour 14,Kevin Young,"Isabella Adams, Charlotte Miller","Netherlands, Israel","October 02, 2019",2005,PG-13,6 Seasons,Family,,7.3
s280,TV Show,Animation Fun 48,Sarah Johnson,"Luke Garcia, Charlotte Miller, Ethan Rodriguez","Denmark, Germany, Israel","September 21, 2024",2018,TV-Y7,5 Seasons,"Documentary, Family, Sci-Fi & Fantasy",A mysterious drama series,7.5
s281,TV Show,Musical Show 50,Sarah Johnson,"Isabella Adams, Amelia Moore","Sweden, Russia","October 31, 2024",1996,NR,5 Seasons,Historical,An animated adventure,8.1
s282,Movie,Adventure Quest 81,David Wilson,,Canada,"March 29, 2016",2023,TV-MA,93 min,"Crime, Musical",A musical journey,
s283,Movie,Adventure Quest 88,Christopher Lee,"Ryan Davis, Mia Young, Ava Clark","Thailand, United Kingdom","August 19, 2025",2025,TV-MA,118 min,"Sci-Fi & Fantasy, Animation, Romance",A sci-fi epic,5.7
s284,Movie,Love Story 48,Mark Thompson,"Oliver Green, Isabella Adams, Olivia Brown, Grace Martinez, Matt Anderson","Nigeria, Philippines","May 16, 2023",1998,R,115 min,Sci-Fi & Fantasy,A documentary about life,4.6
s285,Movie,Sci-Fi Future 31,Maria Garcia,"Ryan Davis, Tom Johnson, Isabella Adams, Jake Wilson, Noah White",Turkey,"December 31, 2022",2017,NC-17,78 min,Crime,An animated adventure,9.2
s286,Movie,Sports Champion 91,Sarah Johnson,,Switzerland,"July 12, 2022",2025,,105 min,"Crime, Musical",A dark horror story,6.5
s287,Movie,Sci-Fi Future 15,David Wilson,"Ava Clark, Mia Young, Chloe Lopez, Luke Garcia","Colombia, Egypt","July 06, 2018",2000,TV-G,98 min,"Musical, Comedy, Sci-Fi & Fantasy",An action-packed thriller,6.7
s288,Movie,Adventure Quest 91,Emily Davis,"Emma Smith, Oliver Green, Ava Clark, Isabella Adams, Benjamin Turner","Australia, Germany","December 02, 2018",2008,PG-13,190 min,"Sci-Fi & Fantasy, Action & Adventure",A sci-fi epic,8.8
s289,Movie,Drama Queen 99,Emily Davis,"Chloe Lopez, Olivia Brown",France,"May 21, 2024",1991,NR,182 min,"Action & Adventure, Crime, Comedy",An animated adventure,7.9
s290,Movie,Biography Life 17,Sarah Johnson,"Noah White, Emma Smith, Ryan Davis, Ethan Rodriguez",Argentina,"August 24, 2023",1995,,113 min,"Family, Thriller",An animated adventure,8.0
s291,Movie,Romance Road 88,Amanda White,"William Thompson, Matt Anderson, Isabella Adams, Oliver Green",Russia,"January 05, 2016",2013,TV-Y7,169 min,"Musical, Documentary",A musical journey,6.8
s292,Movie,Fantasy Land 11,,,South Korea,"March 06, 2021",1992,TV-PG,168 min,Animation,A sci-fi epic,
s293,TV Show,Sci-Fi Chronicles 2,Kevin Young,"Ethan Rodriguez, Emma Smith, Ryan Davis","Netherlands, Taiwan","June 30, 2023",2006,PG-13,4 Seasons,"Animation, Horror",A thrilling adventure story,
s294,Movie,Dark Night 2,Jessica Turner,"Amelia Moore, Isabella Adams, Chloe Lopez, Ava Clark, Ethan Rodriguez",Spain,"February 26, 2015",1991,R,66 min,"Documentary, Biography",A crime investigation story,5.9
s295,Movie,Musical Dreams 19,John Smith,"Oliver Green, Isabella Adams, Benjamin Turner",,"January 16, 2020",2002,TV-Y7,73 min,Biography,An animated adventure,7.3
s296,Movie,War Stories 38,,"Grace Martinez, Emma Smith, William Thompson, Tom Johnson, Mia Young",Nigeria,"January 05, 2025",2020,TV-14,148 min,Romance,An action-packed thriller,6.6
s297,TV Show,Sci-Fi Chronicles 15,Christopher Lee,"Jake Wilson, Chloe Lopez, Ethan Rodriguez, Mia Young, Ava Clark","Brazil, Turkey","March 02, 2018",1995,PG-13,3 Seasons,"Horror, Biography",An animated adventure,5.5
s298,Movie,Action Hero 3,,"Sophie Taylor, William Thompson, Emma Smith",Germany,"December 04, 2021",2025,NC-17,147 min,"Historical, Animation",A musical journey,7.3
s299,Movie,Dark Night 91,,"Olivia Brown, Amelia Moore, Benjamin Turner, Emma Smith, Charlotte Miller",Turkey,"March 20, 2025",2008,TV-PG,187 min,Mystery,A mysterious drama series,
s300,Movie,Horror House 57,John Smith,"Noah White, Chloe Lopez, William Thompson, Sophie Taylor, Ryan Davis","Poland, Denmark","January 22, 2022",1999,TV-PG,167 min,Biography,A documentary about life,9.0
s301,Movie,Fantasy Land 88,John Smith,"William Thompson, Ryan Davis",Brazil,"November 13, 2019",1992,TV-MA,98 min,Western,A documentary about life,7.7
s302,Movie,War Stories 39,,"Luke Garcia, William Thompson",Switzerland,"January 02, 2020",2024,TV-14,173 min,"War & Military, Sci-Fi & Fantasy, Family",A crime investigation story,7.9
s303,Movie,Comedy Central 67,Jennifer Lopez,"William Thompson, Noah White, Sophie Taylor, Tom Johnson","Colombia, Argentina","May 01, 2024",2017,PG,75 min,Western,A thrilling adventure story,8.9
s304,Movie,Musical Dreams 39,John Smith,"Benjamin Turner, Amelia Moore, Charlotte Miller",Indonesia,"March 11, 2018",1998,TV-PG,123 min,"Sci-Fi & Fantasy, Mystery",A mysterious drama series,8.4
s305,TV Show,Mystery Show 6,,"Matt Anderson, Oliver Green, Ryan Davis, Ava Clark, Ethan Rodriguez",Switzerland,"October 11, 2024",2021,TV-G,8 Seasons,Romance,A mysterious drama series,6.7
s306,TV Show,Fantasy World 33,Emily Davis,"Isabella Adams, Emma Smith, Sophie Taylor, Ava Clark, Olivia Brown",Germany,"February 22, 2019",1992,PG,6 Seasons,Family,A mysterious drama series,
s307,Movie,Biography Life 54,,"Matt Anderson, Sophie Taylor, Isabella Adams, Tom Johnson",India,"September 07, 2019",2009,TV-Y,156 min,"Thriller, Historical",An animated adventure,7.6
s308,Movie,Comedy Central 94,,"Ethan Rodriguez, Grace Martinez, Amelia Moore, Noah White, Emma Smith","Nigeria, Canada","September 16, 2024",1991,NR,139 min,Historical,A sci-fi epic,8.1
s309,TV Show,Family Show 34,Jessica Turner,"Olivia Brown, Charlotte Miller",Turkey,"October 01, 2017",2018,TV-PG,10 Seasons,"Sports, Action & Adventure",A mysterious drama series,8.5
s310,Movie,Thriller Night 49,Emily Davis,"Chloe Lopez, Jake Wilson, Sophie Taylor",Indonesia,"July 27, 2019",1993,TV-Y,106 min,War & Military,A mysterious drama series,6.0
s311,Movie,Documentary Life 16,,"Isabella Adams, William Thompson, Benjamin Turner",South Korea,"July 27, 2018",2016,,67 min,Action & Adventure,A sci-fi epic,5.7
s312,Movie,War Stories 84,Jennifer Lopez,"Ryan Davis, William Thompson, Matt Anderson, Jake Wilson, Ava Clark",Argentina,"January 10, 2021",2025,G,178 min,"Romance, Action & Adventure",An animated adventure,5.7
s313,Movie,Documentary Life 45,Robert Taylor,"Emma Smith, Sophie Taylor, Charlotte Miller, Ryan Davis",Germany,"April 24, 2024",2025,TV-Y7,113 min,"Crime, Historical, Animation",A musical journey,5.7
s314,TV Show,Adventure Time 22,Laura Miller,"Tom Johnson, Isabella Adams, Amelia Moore",Poland,"March 26, 2021",2021,TV-PG,2 Seasons,"Drama, Action & Adventure",A historical drama,5.1
s315,TV Show,Animation Fun 25,Amanda White,"Olivia Brown, Oliver Green",United States,"June 26, 2017",2007,NR,6 Seasons,"Family, Documentary",An animated adventure,4.7
s316,Movie,Crime Scene 91,Robert Taylor,,Germany,"October 03, 2024",2022,TV-PG,109 min,"Romance, Drama",A musical journey,
s317,Movie,Sci-Fi Future 73,Anthony Green,"Matt Anderson, Tom Johnson, Charlotte Miller, Luke Garcia","United States, Russia","March 10, 2022",1993,TV-Y,170 min,Horror,An animated adventure,6.9
s318,Movie,Action Hero 93,James Martinez,"Noah White, Tom Johnson, Ethan Rodriguez, Matt Anderson, Amelia Moore",United Kingdom,"April 09, 2023",2017,R,110 min,Horror,,4.6
s319,Movie,Thriller Night 33,Jessica Turner,"Emma Smith, Noah White, William Thompson, Grace Martinez","China, France","January 05, 2022",1997,G,68 min,"Drama, Thriller, Comedy",An animated adventure,
s320,Movie,Sports Champion 81,Emily Davis,"Chloe Lopez, Ethan Rodriguez",Poland,"August 12, 2017",1990,TV-G,169 min,"Crime, Action & Adventure",A dark horror story,5.0
s321,Movie,The Mystery 77,Mark Thompson,"Benjamin Turner, Jake Wilson, William Thompson",China,"January 31, 2017",1992,,139 min,"Mystery, Family",A crime investigation story,5.2
s322,TV Show,Action Pack 39,Amanda White,"Emma Smith, Grace Martinez, William Thompson",South Korea,"September 25, 2019",2002,R,2 Seasons,"Musical, Crime",A sci-fi epic,7.4
s323,Movie,Animation World 43,Kevin Young,"Isabella Adams, Grace Martinez",Thailand,"March 25, 2020",2005,TV-Y,156 min,Action & Adventure,A heartwarming family tale,7.1
s324,Movie,Comedy Central 38,Mark Thompson,"Emma Smith, Tom Johnson, Matt Anderson, Charlotte Miller",Colombia,"January 23, 2023",2025,R,65 min,Horror,,6.3
s325,TV Show,Documentary Series 8,Robert Taylor,"Ava Clark, Amelia Moore, Sophie Taylor","Russia, Japan, Germany","August 14, 2016",1998,R,9 Seasons,Biography,An action-packed thriller,8.1
s326,TV Show,Family Show 13,,,"Singapore, Turkey, Canada","October 19, 2023",1994,TV-Y7,9 Seasons,"Romance, Crime",A crime investigation story,7.9
s327,Movie,Crime Scene 61,Daniel Clark,"Matt Anderson, Grace Martinez",Argentina,"June 10, 2019",2017,TV-14,100 min,Historical,A heartwarming family tale,6.9
s328,Movie,Drama Queen 75,,"Mia Young, Oliver Green, Benjamin Turner, Amelia Moore","Netherlands, Nigeria","April 16, 2019",2018,TV-MA,79 min,Western,A historical drama,
s329,Movie,Sci-Fi Future 30,,"Charlotte Miller, Matt Anderson",Colombia,"May 24, 2018",2007,TV-14,95 min,"Historical, Animation",,8.4
s330,Movie,Documentary Life 52,,"Ethan Rodriguez, Grace Martinez, Benjamin Turner",Thailand,"October 13, 2020",2025,NR,178 min,Sci-Fi & Fantasy,A musical journey,6.6
s331,Movie,War Stories 4,,"Tom Johnson, Isabella Adams, Ava Clark, Noah White",Switzerland,"July 22, 2023",2024,TV-14,65 min,Thriller,A dark horror story,8.3
s332,TV Show,Musical Show 39,Daniel Clark,"Ethan Rodriguez, Ryan Davis, Charlotte Miller",Sweden,"May 21, 2021",2009,PG,9 Seasons,"Sports, Action & Adventure",A heartwarming family tale,6.3
s333,Movie,Horror House 30,Anthony Green,"Ava Clark, William Thompson",,"August 31, 2018",2016,PG,93 min,Drama,An action-packed thriller,
s334,Movie,Horror House 40,Jessica Turner,"Benjamin Turner, Matt Anderson, William Thompson, Oliver Green",Australia,"December 31, 2019",2015,R,194 min,"Sports, Musical",A thrilling adventure story,5.9
s335,Movie,Musical Dreams 45,Jennifer Lopez,"Mia Young, Grace Martinez, Sophie Taylor","Taiwan, Belgium","March 19, 2025",1996,G,121 min,Historical,A heartwarming family tale,7.9
s336,Movie,Horror House 64,Nicole Adams,"Ryan Davis, Olivia Brown, William Thompson, Noah White",Turkey,"September 03, 2020",1991,,178 min,"Sci-Fi & Fantasy, War & Military",A romantic comedy,
s337,TV Show,Musical Show 9,Kevin Young,"Ryan Davis, Charlotte Miller","China, Spain","April 12, 2020",2000,G,10 Seasons,Historical,A mysterious drama series,
s338,TV Show,Documentary Series 1,David Wilson,"Matt Anderson, Emma Smith, Charlotte Miller",Egypt,"March 10, 2022",1996,NC-17,8 Seasons,War & Military,An action-packed thriller,5.6
s339,Movie,Love Story 3,John Smith,"Ryan Davis, Grace Martinez, Olivia Brown","Brazil, India","August 30, 2019",2010,TV-MA,108 min,"War & Military, Biography, Horror",A heartwarming family tale,5.3
s340,Movie,Documentary Life 84,Daniel Clark,"Ryan Davis, Luke Garcia, Ava Clark","Poland, Indonesia","August 10, 2023",1996,TV-14,103 min,Crime,A musical journey,8.8
s341,Movie,Comedy Central 43,Christopher Lee,"Ryan Davis, Noah White, Tom Johnson, Oliver Green, Ethan Rodriguez","Malaysia, United States","August 10, 2017",1997,NR,169 min,"Comedy, Thriller",A romantic comedy,6.3
s342,Movie,Action Hero 31,Laura Miller,"Noah White, Jake Wilson, Luke Garcia, Amelia Moore, Emma Smith","Philippines, United Kingdom, Thailand","July 01, 2024",2011,TV-PG,73 min,"Documentary, Historical",A documentary about life,5.4
s343,Movie,The Mystery 9,Michael Brown,"Jake Wilson, Matt Anderson",Turkey,"August 25, 2017",2017,NC-17,102 min,Romance,A romantic comedy,6.6
s344,Movie,Horror House 35,Jessica Turner,"Ethan Rodriguez, Amelia Moore, Sophie Taylor, Isabella Adams",Russia,"July 12, 2023",2020,,157 min,Family,A mysterious drama series,5.3
s345,Movie,Documentary Life 60,Jennifer Lopez,"Ryan Davis, Noah White, Jake Wilson, Isabella Adams, Matt Anderson",United States,"August 30, 2024",2013,TV-Y7,161 min,Sports,A sci-fi epic,
s346,Movie,Action Hero 16,Mark Thompson,"Luke Garcia, Ava Clark, William Thompson, Isabella Adams, Benjamin Turner",Russia,"April 02, 2023",2020,,152 min,"Thriller, Animation",A historical drama,
s347,Movie,Drama Queen 78,Lisa Anderson,,Belgium,"June 17, 2019",1995,R,168 min,Family,A crime investigation story,6.3
s348,Movie,Romance Road 94,,"Jake Wilson, Luke Garcia, Matt Anderson, Ethan Rodriguez",,"February 26, 2024",1996,,166 min,"Biography, Romance",A mysterious drama series,5.4
s349,Movie,Adventure Quest 65,Kevin Young,"Sophie Taylor, Matt Anderson, Emma Smith","Italy, Colombia","February 12, 2025",2018,TV-14,87 min,Family,A heartwarming family tale,6.1
s350,Movie,Biography Life 31,Emily Davis,,"India, France, Turkey","November 09, 2020",2014,NC-17,184 min,Biography,A historical drama,9.2
s351,Movie,Drama Queen 47,Daniel Clark,"Noah White, Olivia Brown, Tom Johnson, Oliver Green",Spain,"April 16, 2015",2023,NR,123 min,"Sports, Western",An action-packed thriller,
s352,TV Show,Crime Investigation 21,,"Noah White, Oliver Green",Canada,"November 27, 2018",2020,NR,2 Seasons,Sci-Fi & Fantasy,A crime investigation story,8.2
s353,Movie,Fantasy Land 5,Michael Brown,"Sophie Taylor, Oliver Green, Olivia Brown, Isabella Adams, Grace Martinez",Canada,"March 08, 2016",1991,TV-Y,158 min,Animation,A historical drama,
s354,Movie,Comedy Central 69,Jessica Turner,"Grace Martinez, Benjamin Turner, Ryan Davis, Noah White","Belgium, Russia","January 25, 2024",2006,PG,88 min,"Sci-Fi & Fantasy, Horror",A mysterious drama series,9.0
s355,Movie,Biography Life 95,,"Ethan Rodriguez, Mia Young, Noah White","Spain, Egypt","June 11, 2022",2004,G,197 min,Family,An animated adventure,5.2
s356,Movie,Romance Road 19,Sarah Johnson,"William Thompson, Olivia Brown, Luke Garcia, Isabella Adams",Philippines,"November 24, 2022",1993,TV-Y,99 min,Documentary,A thrilling adventure story,8.1
s357,Movie,Crime Scene 94,Lisa Anderson,"Noah White, Mia Young, Isabella Adams, Ava Clark, Ethan Rodriguez",Philippines,"March 02, 2018",2002,TV-PG,160 min,Comedy,A musical journey,7.6
s358,Movie,Biography Life 18,Jessica Turner,"Matt Anderson, Amelia Moore, Benjamin Turner",France,"August 10, 2022",1999,TV-Y7,103 min,Sports,A thrilling adventure story,
s359,TV Show,Sci-Fi Chronicles 42,Michelle Rodriguez,"Grace Martinez, Emma Smith, Olivia Brown, Amelia Moore, Ethan Rodriguez",Mexico,"April 27, 2022",1995,TV-MA,7 Seasons,"Mystery, Action & Adventure",A heartwarming family tale,
s360,Movie,Fantasy Land 29,,"Luke Garcia, Olivia Brown, Sophie Taylor, Ethan Rodriguez, Isabella Adams","Indonesia, Spain","February 12, 2016",2024,NR,65 min,"Western, Sports",A sci-fi epic,8.3
s361,Movie,Dark Night 97,Emily Davis,"Tom Johnson, Charlotte Miller, Oliver Green",Spain,"June 13, 2021",2000,NC-17,68 min,Family,A crime investigation story,9.1
s362,Movie,The Mystery 32,Anthony Green,"Charlotte Miller, Oliver Green, Jake Wilson, Isabella Adams",Norway,"October 18, 2021",2003,TV-MA,71 min,Family,An action-packed thriller,7.3
s363,Movie,Horror House 76,David Wilson,"Ryan Davis, Charlotte Miller, Luke Garcia, Benjamin Turner, Ethan Rodriguez",Taiwan,"December 08, 2015",2017,PG-13,197 min,"Animation, Sci-Fi & Fantasy",A sci-fi epic,8.4
s364,Movie,Sports Champion 21,David Wilson,"Ethan Rodriguez, Tom Johnson, Grace Martinez, Ryan Davis, Luke Garcia",Poland,"September 28, 2015",1995,TV-Y,129 min,"Animation, Action & Adventure",An action-packed thriller,5.0
s365,TV Show,Musical Show 8,Jennifer Lopez,"Olivia Brown, William Thompson, Ava Clark, Chloe Lopez, Luke Garcia","Brazil, Netherlands","August 12, 2025",2001,NR,9 Seasons,"War & Military, Sports, Thriller",A historical drama,5.2
s366,Movie,Comedy Central 19,James Martinez,"Grace Martinez, Mia Young, Oliver Green, Sophie Taylor",Taiwan,"August 19, 2020",2017,NR,118 min,"Family, Biography, Crime",A historical drama,
s367,TV Show,Fantasy World 16,Lisa Anderson,"Chloe Lopez, Charlotte Miller","United States, Russia","August 05, 2022",1998,TV-PG,9 Seasons,Sci-Fi & Fantasy,A musical journey,
s368,TV Show,Horror Tales 45,Amanda White,"Amelia Moore, Oliver Green",Egypt,"February 18, 2025",1994,PG-13,9 Seasons,Sports,A dark horror story,6.1
s369,Movie,Drama Queen 70,Emily Davis,"Chloe Lopez, Luke Garcia, Matt Anderson, Tom Johnson, Ethan Rodriguez",Malaysia,"April 05, 2024",2019,TV-G,74 min,"Crime, Family",A thrilling adventure story,7.9
s370,Movie,Documentary Life 46,,"Ryan Davis, William Thompson, Benjamin Turner",Singapore,"January 29, 2015",2006,TV-Y7,155 min,Romance,A romantic comedy,
s371,Movie,Musical Dreams 85,Lisa Anderson,"Tom Johnson, Ava Clark, Matt Anderson, Olivia Brown, Charlotte Miller",Poland,"May 06, 2023",1992,R,182 min,"Horror, Biography, Sports",A historical drama,6.0
s372,Movie,Documentary Life 65,Daniel Clark,"Tom Johnson, Jake Wilson",Argentina,"August 02, 2015",2011,TV-14,62 min,Sports,A documentary about life,5.2
s373,Movie,Fantasy Land 24,Emily Davis,"Mia Young, Matt Anderson, Isabella Adams","Malaysia, Mexico","February 11, 2017",1999,PG-13,162 min,"Thriller, Biography, Action & Adventure",A heartwarming family tale,6.3
s374,Movie,Fantasy Land 40,Maria Garcia,"Isabella Adams, Emma Smith, William Thompson, Mia Young, Benjamin Turner",Nigeria,"July 29, 2025",2016,G,106 min,Crime,An animated adventure,7.4
s375,Movie,Animation World 24,Jessica Turner,"Olivia Brown, Amelia Moore, Tom Johnson, Jake Wilson","Denmark, Egypt","October 12, 2021",2007,TV-Y7,82 min,Horror,A historical drama,5.4
s376,Movie,Musical Dreams 13,,"Chloe Lopez, Isabella Adams, Matt Anderson, Jake Wilson",Colombia,"December 30, 2024",2025,TV-Y,174 min,Biography,A documentary about life,9.0
s377,TV Show,Documentary Series 2,James Martinez,"Chloe Lopez, Emma Smith, Benjamin Turner",Switzerland,"July 20, 2020",2022,PG-13,8 Seasons,War & Military,A romantic comedy,4.5
s378,Movie,Biography Life 28,John Smith,"William Thompson, Amelia Moore, Luke Garcia, Chloe Lopez, Grace Martinez",Germany,"December 01, 2016",2024,G,97 min,Thriller,A thrilling adventure story,5.7
s379,TV Show,Animation Fun 14,John Smith,"Noah White, Ryan Davis, Charlotte Miller, Luke Garcia",Philippines,"August 22, 2018",1990,R,5 Seasons,"Historical, Horror, War & Military",A romantic comedy,7.5
s380,Movie,War Stories 27,Maria Garcia,"Benjamin Turner, Ethan Rodriguez, Jake Wilson","Russia, Denmark","August 30, 2016",1995,TV-G,107 min,Sports,A mysterious drama series,4.6
s381,Movie,Adventure Quest 23,Laura Miller,"Ryan Davis, Mia Young, Grace Martinez",Switzerland,"February 15, 2016",1998,G,85 min,Action & Adventure,A historical drama,5.1
s382,Movie,Love Story 35,Laura Miller,,"France, Israel, Sweden","July 24, 2024",2002,TV-14,173 min,Sports,A thrilling adventure story,5.8
s383,Movie,War Stories 16,,,Poland,"August 03, 2016",,R,169 min,Family,A historical drama,8.7
s384,TV Show,Animation Fun 8,Emily Davis,"Ava Clark, Ryan Davis, Noah White, Olivia Brown","Canada, India","October 12, 2021",2017,TV-14,3 Seasons,Family,A romantic comedy,5.0
s385,TV Show,Musical Show 32,James Martinez,"Tom Johnson, Jake Wilson",Australia,"May 19, 2019",2020,PG,10 Seasons,"Thriller, Drama",A mysterious drama series,6.3
s386,TV Show,Adventure Time 32,Michelle Rodriguez,"Jake Wilson, Grace Martinez, Ethan Rodriguez, Mia Young",Singapore,"December 21, 2020",2004,TV-14,7 Seasons,"Documentary, Drama",A thrilling adventure story,8.5
s387,Movie,Family Fun 72,,"Ava Clark, Amelia Moore",,"February 29, 2020",2025,TV-Y7,122 min,Thriller,A musical journey,6.3
s388,Movie,The Mystery 90,Amanda White,"Benjamin Turner, Ryan Davis",Brazil,"May 04, 2015",1999,,79 min,"Biography, Thriller",An animated adventure,8.0
s389,TV Show,Fantasy World 20,Christopher Lee,"Chloe Lopez, Olivia Brown","India, Mexico","August 23, 2020",2015,TV-MA,8 Seasons,"Western, Family",A documentary about life,5.8
s390,TV Show,Mystery Show 34,David Wilson,"Amelia Moore, Emma Smith, Grace Martinez, Ethan Rodriguez, Sophie Taylor","Japan, Taiwan, Hong Kong","July 06, 2018",2015,PG-13,1 Season,"Sci-Fi & Fantasy, Animation",A heartwarming family tale,8.2
s391,TV Show,Adventure Time 2,Lisa Anderson,"Matt Anderson, Tom Johnson",Italy,"February 27, 2022",2005,TV-14,10 Seasons,"Sports, Comedy, Western",A romantic comedy,
s392,Movie,Family Fun 97,Daniel Clark,"Ethan Rodriguez, Ava Clark, Jake Wilson, Olivia Brown","Malaysia, France","August 18, 2020",1999,,157 min,"Comedy, Family, Romance",An animated adventure,
s393,Movie,Love Story 92,Robert Taylor,"Sophie Taylor, William Thompson, Benjamin Turner",Egypt,"June 07, 2025",2018,TV-Y,134 min,"Biography, Comedy, War & Military",A sci-fi epic,9.0
s394,TV Show,Family Show 41,Emily Davis,"Chloe Lopez, Charlotte Miller, Ryan Davis",Brazil,"June 22, 2025",1994,TV-Y,6 Seasons,Musical,An animated adventure,8.1
s395,Movie,Musical Dreams 84,Emily Davis,"Emma Smith, Ava Clark, Chloe Lopez, Ethan Rodriguez, Mia Young","Spain, China","February 11, 2019",2010,TV-MA,165 min,Comedy,A historical drama,
s396,TV Show,Documentary Series 16,Nicole Adams,,Brazil,"May 24, 2021",1994,TV-G,2 Seasons,Historical,An animated adventure,
s397,TV Show,Comedy Hour 47,Daniel Clark,"Ethan Rodriguez, Noah White, Ryan Davis","Singapore, Turkey, Hong Kong","April 13, 2016",1992,TV-G,3 Seasons,Comedy,A documentary about life,
s398,Movie,Family Fun 56,Robert Taylor,"Mia Young, Luke Garcia",Australia,"October 11, 2015",1995,NR,175 min,"Animation, Romance",A heartwarming family tale,6.5
s399,TV Show,Documentary Series 20,Amanda White,,United States,"April 16, 2021",2002,,10 Seasons,Crime,,8.9
s400,TV Show,Romance Stories 21,Michelle Rodriguez,"Oliver Green, Jake Wilson",France,"May 30, 2015",2002,TV-PG,3 Seasons,Sci-Fi & Fantasy,A historical drama,4.6
s401,Movie,Family Fun 3,Jennifer Lopez,"Isabella Adams, Oliver Green",Israel,"October 11, 2019",2011,PG-13,177 min,Romance,A documentary about life,7.6
s402,TV Show,Crime Investigation 28,Laura Miller,"Ryan Davis, Olivia Brown",Poland,"February 29, 2016",2024,TV-G,9 Seasons,Family,An action-packed thriller,6.6
s403,Movie,Documentary Life 15,Jessica Turner,"Oliver Green, Mia Young, Ethan Rodriguez, Tom Johnson","Malaysia, Philippines","January 01, 2018",2006,TV-Y7,121 min,,A thrilling adventure story,
s404,TV Show,Comedy Hour 24,Anthony Green,"Noah White, Sophie Taylor, Mia Young, Grace Martinez",Switzerland,"April 16, 2024",2017,TV-MA,7 Seasons,Crime,A documentary about life,7.8
s405,Movie,Comedy Central 65,Mark Thompson,"Charlotte Miller, Sophie Taylor, Noah White, Matt Anderson",United States,"January 19, 2022",1999,,199 min,War & Military,,9.1
s406,TV Show,Crime Investigation 41,Lisa Anderson,"Chloe Lopez, Matt Anderson, Charlotte Miller","Belgium, Colombia","May 24, 2022",1995,TV-MA,1 Season,"Horror, Historical",A sci-fi epic,
s407,Movie,Comedy Central 37,Lisa Anderson,"Ava Clark, Matt Anderson, Ethan Rodriguez, Olivia Brown, Isabella Adams",Singapore,"January 06, 2022",2016,TV-Y,175 min,Action & Adventure,A historical drama,7.4
s408,Movie,Action Hero 16,Amanda White,"Sophie Taylor, William Thompson","Italy, United Kingdom","January 04, 2021",2022,R,153 min,Crime,A heartwarming family tale,8.9
s409,TV Show,Action Pack 18,Michael Brown,"Oliver Green, Isabella Adams, Mia Young, William Thompson","Colombia, Mexico","March 21, 2017",2007,PG,10 Seasons,"Romance, Sci-Fi & Fantasy",An animated adventure,6.6
s410,Movie,Sports Champion 96,Christopher Lee,"Mia Young, Matt Anderson, Ava Clark, Charlotte Miller, Ryan Davis","Malaysia, Colombia","July 31, 2021",2023,G,89 min,Romance,A heartwarming family tale,6.2
s411,Movie,Comedy Central 100,John Smith,"Noah White, Matt Anderson","Thailand, Japan","April 29, 2019",2003,PG,131 min,"Drama, Biography, Western",A dark horror story,4.7
s412,TV Show,Romance Stories 32,,"Olivia Brown, Oliver Green",Belgium,"August 26, 2017",2008,,10 Seasons,"Family, Thriller, War & Military",A crime investigation story,4.7
s413,TV Show,Crime Investigation 2,,"Chloe Lopez, Luke Garcia, Noah White, Ava Clark, Ethan Rodriguez","Singapore, South Korea","May 31, 2019",2019,TV-MA,2 Seasons,"Horror, Action & Adventure, Documentary",A thrilling adventure story,
s414,Movie,Thriller Night 89,Maria Garcia,"Ava Clark, Charlotte Miller, Tom Johnson","Colombia, India","March 29, 2016",2009,,144 min,"War & Military, Animation",A mysterious drama series,5.1
s415,Movie,Thriller Night 19,Michelle Rodriguez,"William Thompson, Amelia Moore",Singapore,"February 23, 2018",2020,NC-17,135 min,Documentary,A musical journey,7.8
s416,Movie,Love Story 64,,,"Italy, Singapore","March 04, 2016",2023,TV-Y,139 min,"Western, Horror",An action-packed thriller,6.3
s417,Movie,Musical Dreams 80,Daniel Clark,"Mia Young, Sophie Taylor, Chloe Lopez, Olivia Brown","Germany, Argentina","March 09, 2015",2001,TV-G,195 min,Historical,A documentary about life,6.4
s418,Movie,Animation World 66,Kevin Young,"Emma Smith, Ethan Rodriguez",Philippines,"February 14, 2017",2007,TV-G,192 min,"Documentary, Horror",A thrilling adventure story,7.2
s419,Movie,Drama Queen 9,James Martinez,"Ethan Rodriguez, Amelia Moore, Olivia Brown, Grace Martinez, Luke Garcia",Turkey,"November 24, 2018",2008,PG,107 min,"Sports, Family",A musical journey,6.0
s420,TV Show,Mystery Show 11,Kevin Young,"Isabella Adams, Mia Young",Colombia,"November 18, 2024",1990,TV-G,10 Seasons,,An animated adventure,
s421,TV Show,Animation Fun 2,Jennifer Lopez,"Jake Wilson, Olivia Brown, Benjamin Turner","China, Singapore","March 29, 2023",2024,TV-G,5 Seasons,Mystery,A dark horror story,8.1
s422,TV Show,Animation Fun 39,James Martinez,"Jake Wilson, Mia Young",Australia,"January 03, 2019",2005,NR,7 Seasons,"Sci-Fi & Fantasy, War & Military",A romantic comedy,7.7
s423,Movie,Musical Dreams 68,Amanda White,"Benjamin Turner, Mia Young, Luke Garcia, Chloe Lopez, Matt Anderson",Sweden,"May 09, 2024",2017,TV-14,148 min,"Sports, Thriller, Musical",A crime investigation story,7.4
s424,Movie,Adventure Quest 39,Michael Brown,"Oliver Green, Emma Smith","Germany, South Korea","June 23, 2020",2017,G,72 min,Family,A crime investigation story,8.1
s425,Movie,Comedy Central 12,David Wilson,"Mia Young, Benjamin Turner, Ryan Davis",Norway,"October 15, 2017",2014,PG,126 min,"Romance, Biography",A dark horror story,5.2
s426,Movie,Horror House 33,Nicole Adams,"Ryan Davis, Chloe Lopez, Oliver Green, Sophie Taylor","Russia, France","July 21, 2016",2010,TV-MA,151 min,Biography,An animated adventure,
s427,Movie,War Stories 4,Michelle Rodriguez,"Amelia Moore, Chloe Lopez, Grace Martinez",Israel,"February 03, 2025",2008,,160 min,"Musical, Western",A thrilling adventure story,
s428,TV Show,Action Pack 42,Laura Miller,"Benjamin Turner, Isabella Adams, Noah White, Emma Smith",Malaysia,"April 17, 2023",2003,TV-PG,8 Seasons,"Thriller, Family, Western",A thrilling adventure story,7.4
s429,Movie,Horror House 15,,"William Thompson, Olivia Brown",United Kingdom,"May 03, 2024",2015,,91 min,Romance,A crime investigation story,7.4
s430,Movie,Musical Dreams 85,Michelle Rodriguez,"Sophie Taylor, Jake Wilson",Brazil,"September 26, 2020",2024,TV-G,134 min,Sports,A romantic comedy,7.8
s431,Movie,Dark Night 60,Michelle Rodriguez,"Oliver Green, Olivia Brown, Ethan Rodriguez, Tom Johnson",China,"June 24, 2015",2012,TV-G,177 min,"Mystery, Western, Sci-Fi & Fantasy",A musical journey,6.9
s432,TV Show,Comedy Hour 42,Mark Thompson,"Luke Garcia, Chloe Lopez, Ethan Rodriguez","Hong Kong, Belgium","April 16, 2020",2001,TV-PG,9 Seasons,"Mystery, War & Military",A thrilling adventure story,5.2
s433,Movie,Dark Night 86,Jessica Turner,"Grace Martinez, Olivia Brown, Sophie Taylor",Poland,"May 06, 2025",2006,NR,78 min,Action & Adventure,A dark horror story,
s434,Movie,Musical Dreams 49,Mark Thompson,"Luke Garcia, Isabella Adams, Oliver Green",Brazil,"November 13, 2019",2002,G,84 min,"Action & Adventure, Mystery",A sci-fi epic,4.8
s435,Movie,Adventure Quest 88,Anthony Green,"Benjamin Turner, Isabella Adams, William Thompson",Spain,"December 28, 2023",2017,PG,80 min,"Horror, Historical",A thrilling adventure story,6.1
s436,TV Show,Drama Series 19,James Martinez,"Ryan Davis, Sophie Taylor, Chloe Lopez, Amelia Moore",Egypt,"June 13, 2025",2009,G,9 Seasons,Sports,A romantic comedy,4.7
s437,Movie,Animation World 34,Sarah Johnson,"Emma Smith, Grace Martinez, Isabella Adams, Ryan Davis",India,"November 17, 2018",2016,TV-14,80 min,Thriller,A thrilling adventure story,
s438,TV Show,Romance Stories 33,Amanda White,"Grace Martinez, Tom Johnson, Emma Smith, Benjamin Turner","Israel, Belgium","August 25, 2022",1991,G,7 Seasons,"Biography, Historical",A heartwarming family tale,8.7
s439,TV Show,Musical Show 24,Christopher Lee,"Grace Martinez, Amelia Moore",Poland,"May 20, 2023",2024,G,4 Seasons,Thriller,A romantic comedy,
s440,Movie,Family Fun 78,Maria Garcia,"Amelia Moore, Ethan Rodriguez, Isabella Adams",Japan,"October 21, 2017",2003,NR,151 min,"Musical, Family, Mystery",A romantic comedy,5.6
s441,Movie,Sci-Fi Future 41,Anthony Green,,Egypt,"August 02, 2017",2025,TV-Y,96 min,Musical,An animated adventure,4.6
s442,TV Show,Animation Fun 3,Mark Thompson,"Emma Smith, Luke Garcia",United Kingdom,"September 03, 2024",2018,,4 Seasons,"Historical, Comedy",A thrilling adventure story,6.1
s443,Movie,The Mystery 78,Christopher Lee,"Benjamin Turner, Matt Anderson, Tom Johnson, Noah White",Russia,"October 11, 2023",1993,TV-PG,159 min,"Family, Musical, Biography",A sci-fi epic,5.7
s444,Movie,Documentary Life 60,Maria Garcia,"Luke Garcia, Amelia Moore",Israel,"April 26, 2018",2015,,130 min,"Action & Adventure, Horror",A historical drama,5.7
s445,TV Show,Comedy Hour 29,Kevin Young,,Turkey,"August 01, 2019",1995,TV-14,9 Seasons,Romance,A romantic comedy,6.8
s446,TV Show,Drama Series 41,Laura Miller,"Olivia Brown, Emma Smith, Sophie Taylor","Netherlands, India","March 16, 2021",1993,NC-17,5 Seasons,"Mystery, Comedy",A dark horror story,
s447,TV Show,Sci-Fi Chronicles 29,Michael Brown,"Benjamin Turner, Ava Clark, Mia Young, Ryan Davis","Australia, United Kingdom","August 30, 2018",2013,TV-Y7,6 Seasons,"Action & Adventure, Romance, Mystery",A mysterious drama series,4.6
s448,TV Show,Family Show 14,Anthony Green,"Matt Anderson, Ethan Rodriguez, Emma Smith, Jake Wilson","Canada, Japan, Thailand","May 04, 2021",2025,TV-PG,2 Seasons,"Comedy, Sports",A crime investigation story,5.8
s449,Movie,Biography Life 38,Christopher Lee,"Grace Martinez, Oliver Green, Noah White, Olivia Brown",Poland,"January 22, 2019",2025,TV-Y,183 min,Biography,A mysterious drama series,5.7
s450,Movie,Animation World 87,David Wilson,"Noah White, Amelia Moore, Olivia Brown, Ryan Davis",Australia,"June 17, 2021",2002,TV-G,63 min,Historical,An animated adventure,5.1
s451,TV Show,The Series 28,,"Jake Wilson, William Thompson","Russia, Norway","June 06, 2016",2025,NC-17,2 Seasons,"Crime, Horror",A thrilling adventure story,
s452,Movie,Family Fun 58,Kevin Young,"Chloe Lopez, Isabella Adams, Jake Wilson, Sophie Taylor, Ryan Davis",Denmark,"July 23, 2022",2014,PG-13,190 min,Horror,An animated adventure,7.2
s453,Movie,Fantasy Land 75,Michelle Rodriguez,"Noah White, Sophie Taylor, Jake Wilson, Emma Smith, Matt Anderson",Netherlands,"February 12, 2016",2000,NC-17,184 min,"Family, Animation, Horror",A historical drama,5.0
s454,TV Show,Sci-Fi Chronicles 33,John Smith,,United Kingdom,"February 22, 2019",2017,TV-PG,3 Seasons,Horror,A heartwarming family tale,6.5
s455,Movie,Sci-Fi Future 12,James Martinez,"Ava Clark, Ryan Davis",Japan,"September 01, 2018",2011,TV-MA,191 min,Crime,A thrilling adventure story,8.9
s456,Movie,Fantasy Land 41,Nicole Adams,"Tom Johnson, Grace Martinez",Thailand,"July 21, 2022",2020,PG-13,187 min,Drama,A musical journey,4.5
s457,Movie,Love Story 63,Robert Taylor,"Mia Young, Luke Garcia",Argentina,"February 25, 2022",2023,PG-13,136 min,"Sports, Historical, War & Military",A crime investigation story,5.0
s458,Movie,Dark Night 97,Michelle Rodriguez,"Grace Martinez, Mia Young, Olivia Brown, Sophie Taylor",Germany,"November 24, 2018",1998,TV-G,185 min,"Action & Adventure, Family",An action-packed thriller,8.2
s459,Movie,Action Hero 72,James Martinez,"Ethan Rodriguez, Oliver Green, Mia Young, Amelia Moore, Luke Garcia",Thailand,"October 23, 2018",1992,TV-Y7,116 min,Sci-Fi & Fantasy,A heartwarming family tale,7.4
s460,Movie,Thriller Night 17,John Smith,"Ethan Rodriguez, Ryan Davis",Norway,"August 07, 2023",1994,TV-PG,113 min,Romance,A documentary about life,5.6
s461,Movie,Adventure Quest 48,Robert Taylor,"Tom Johnson, Emma Smith, Amelia Moore",Malaysia,"June 18, 2019",1992,NC-17,66 min,"Documentary, Comedy",A heartwarming family tale,6.3
s462,Movie,Documentary Life 17,James Martinez,"Ryan Davis, William Thompson","Poland, United Kingdom","March 02, 2015",2024,PG-13,84 min,"Sci-Fi & Fantasy, Family",A documentary about life,4.6
s463,TV Show,Action Pack 30,James Martinez,"Ethan Rodriguez, Chloe Lopez, Mia Young, Ryan Davis, Grace Martinez",Hong Kong,"March 10, 2018",2024,TV-Y7,1 Season,"Mystery, Horror",A sci-fi epic,6.4
s464,Movie,Drama Queen 58,Mark Thompson,"Noah White, Jake Wilson, Ryan Davis, Olivia Brown",Singapore,"August 27, 2021",1999,TV-G,193 min,"Documentary, Comedy",A romantic comedy,8.0
s465,TV Show,Animation Fun 10,,"Tom Johnson, Luke Garcia, Matt Anderson, Isabella Adams, William Thompson",Netherlands,"March 04, 2020",2022,NR,2 Seasons,Drama,A thrilling adventure story,8.0
s466,Movie,Adventure Quest 26,Emily Davis,,Egypt,"June 18, 2020",2025,G,135 min,"Animation, Western, Crime",A dark horror story,5.3
s467,Movie,Romance Road 67,Laura Miller,"William Thompson, Luke Garcia, Isabella Adams, Oliver Green",Spain,"November 03, 2016",2020,,166 min,Action & Adventure,An action-packed thriller,4.9
s468,TV Show,Romance Stories 22,,"Ryan Davis, Ava Clark, Charlotte Miller",United States,"May 28, 2025",2008,TV-Y7,10 Seasons,War & Military,A crime investigation story,7.6
s469,Movie,Love Story 76,Robert Taylor,"Benjamin Turner, Olivia Brown, Jake Wilson, William Thompson","Sweden, Nigeria","January 20, 2024",2020,G,119 min,Thriller,An animated adventure,6.0
s470,TV Show,Musical Show 4,Kevin Young,"Noah White, Chloe Lopez, William Thompson, Olivia Brown, Grace Martinez",Belgium,"December 02, 2022",2009,TV-Y,9 Seasons,"Sci-Fi & Fantasy, Romance",A romantic comedy,8.4
s471,Movie,War Stories 57,James Martinez,"Ava Clark, Sophie Taylor, Tom Johnson, Amelia Moore, Oliver Green",Russia,"May 25, 2017",2002,PG-13,62 min,Sci-Fi & Fantasy,,4.9
s472,TV Show,Adventure Time 17,John Smith,"Luke Garcia, Isabella Adams","Colombia, Nigeria, South Korea","June 01, 2021",2020,TV-MA,8 Seasons,Historical,A thrilling adventure story,7.4
s473,Movie,Comedy Central 91,David Wilson,"Emma Smith, Oliver Green",France,"August 14, 2024",2002,NR,64 min,"Crime, Romance",A sci-fi epic,6.2
s474,TV Show,The Series 43,Sarah Johnson,"Luke Garcia, Ryan Davis, Sophie Taylor",Italy,"September 21, 2022",2001,G,5 Seasons,Crime,A musical journey,
s475,Movie,Musical Dreams 12,Michael Brown,"Sophie Taylor, Noah White","Brazil, United States, Turkey","February 26, 2022",1995,R,138 min,"Sci-Fi & Fantasy, Thriller",A documentary about life,5.3
s476,TV Show,Comedy Hour 37,Maria Garcia,"Matt Anderson, Sophie Taylor, Chloe Lopez, Luke Garcia",Singapore,"December 25, 2018",2012,TV-PG,8 Seasons,"Romance, Comedy",A sci-fi epic,7.0
s477,Movie,Horror House 90,Jennifer Lopez,"Ryan Davis, William Thompson, Matt Anderson, Luke Garcia",Germany,"October 18, 2020",2001,TV-G,142 min,Comedy,A heartwarming family tale,8.6
s478,Movie,The Mystery 21,Christopher Lee,"Sophie Taylor, Ava Clark",Mexico,"June 08, 2023",2019,NR,171 min,Documentary,A dark horror story,6.8
s479,TV Show,Horror Tales 20,,"William Thompson, Olivia Brown, Mia Young",Switzerland,"August 26, 2021",2022,NC-17,10 Seasons,"Sci-Fi & Fantasy, Thriller, Western",A thrilling adventure story,6.0
s480,Movie,Comedy Central 45,Lisa Anderson,"Matt Anderson, Sophie Taylor, Chloe Lopez",Turkey,"November 24, 2019",2005,TV-PG,155 min,,A heartwarming family tale,7.7
s481,Movie,Horror House 61,Kevin Young,"Ethan Rodriguez, Jake Wilson","Switzerland, Netherlands","January 26, 2025",2017,TV-PG,78 min,"Action & Adventure, Documentary",A mysterious drama series,6.2
s482,Movie,Thriller Night 65,Laura Miller,"Ryan Davis, Grace Martinez, Jake Wilson, Isabella Adams, Matt Anderson",Canada,"October 22, 2018",2001,NC-17,139 min,"Comedy, Animation",A documentary about life,6.4
s483,Movie,Fantasy Land 14,Michael Brown,"Ethan Rodriguez, Tom Johnson",Malaysia,"April 22, 2019",1990,TV-MA,162 min,Biography,A historical drama,
s484,Movie,Musical Dreams 65,Jessica Turner,"Olivia Brown, Sophie Taylor, Mia Young, Ethan Rodriguez",United States,"October 12, 2018",2006,TV-14,176 min,Comedy,An animated adventure,4.7
s485,Movie,Sports Champion 88,Michelle Rodriguez,"Tom Johnson, Charlotte Miller, Luke Garcia, Sophie Taylor",China,"August 22, 2018",1992,TV-Y,69 min,Romance,A heartwarming family tale,
s486,TV Show,Comedy Hour 41,James Martinez,"Amelia Moore, Grace Martinez, William Thompson, Oliver Green, Emma Smith",Australia,"October 31, 2021",1996,NR,2 Seasons,"Family, Biography",A mysterious drama series,5.7
s487,Movie,Love Story 56,Robert Taylor,"Amelia Moore, William Thompson, Charlotte Miller, Grace Martinez",Hong Kong,"May 31, 2017",2017,NR,107 min,"War & Military, Romance",A romantic comedy,
s488,Movie,Horror House 3,David Wilson,"Amelia Moore, Noah White, Olivia Brown, Grace Martinez, William Thompson",,"August 22, 2018",2008,TV-14,177 min,"Crime, War & Military",A crime investigation story,
s489,TV Show,Adventure Time 21,Kevin Young,"Matt Anderson, Charlotte Miller, Sophie Taylor, Ethan Rodriguez, Luke Garcia",Canada,"January 30, 2022",2012,NR,9 Seasons,Crime,An animated adventure,
s490,TV Show,Family Show 38,Amanda White,"Tom Johnson, Chloe Lopez, Charlotte Miller, Isabella Adams, Grace Martinez",Belgium,"October 22, 2021",1997,R,4 Seasons,"Romance, Historical",A musical journey,7.1
s491,Movie,Family Fun 97,Laura Miller,"Olivia Brown, Noah White, William Thompson, Ethan Rodriguez",Taiwan,"March 18, 2018",2018,PG-13,162 min,"Crime, Musical",A historical drama,6.3
s492,Movie,Animation World 54,John Smith,"Amelia Moore, William Thompson, Ryan Davis","United Kingdom, Netherlands","November 02, 2021",2020,TV-Y,65 min,"War & Military, Western, Sci-Fi & Fantasy",A mysterious drama series,7.9
s493,Movie,Drama Queen 23,Robert Taylor,"Ryan Davis, Tom Johnson, Matt Anderson, Oliver Green",China,"September 17, 2017",2019,PG,144 min,"Documentary, Musical, Drama",,
s494,Movie,Animation World 67,Daniel Clark,"Luke Garcia, Charlotte Miller, Olivia Brown, Tom Johnson, Oliver Green","Philippines, Switzerland","April 15, 2024",1992,NR,190 min,Horror,A romantic comedy,7.2
s495,Movie,Dark Night 93,Michelle Rodriguez,"Grace Martinez, Isabella Adams, Matt Anderson",Japan,"February 20, 2020",2021,NC-17,147 min,Musical,A sci-fi epic,4.7
s496,Movie,Comedy Central 19,John Smith,"Benjamin Turner, Ava Clark, Chloe Lopez, Charlotte Miller",Indonesia,"April 30, 2020",2008,NR,92 min,War & Military,An action-packed thriller,
s497,Movie,Horror House 75,Mark Thompson,,Egypt,"July 21, 2019",2000,TV-MA,99 min,"Western, Mystery",An animated adventure,8.6
s498,Movie,Crime Scene 23,Daniel Clark,,Indonesia,"April 25, 2017",2007,NR,90 min,Musical,A historical drama,8.4
s499,TV Show,Animation Fun 34,Robert Taylor,"Ethan Rodriguez, Olivia Brown",Nigeria,"March 16, 2021",2024,G,8 Seasons,Animation,A mysterious drama series,7.6
s500,TV Show,Drama Series 15,Kevin Young,"Charlotte Miller, Luke Garcia, Ryan Davis, Matt Anderson","Spain, Egypt","May 25, 2018",2004,TV-14,8 Seasons,"Comedy, Crime",A heartwarming family tale,5.0
