Name,Age,Gender,Salary
John Smith,28,Male,45000
Sarah Johnson,32,Female,52000
Michael Brown,25,Male,38000
Emily Davis,29,Female,48000
David Wilson,35,Male,65000
Jessica Miller,27,Female,42000
Robert Taylor,31,Male,58000
Ashley Anderson,26,Female,41000
Christopher Thomas,33,Male,62000
Amanda Jackson,24,Female,36000
Matthew White,30,Male,55000
Lauren Harris,28,Female,47000
Daniel Martin,34,Male,68000
Stephanie Thompson,25,Female,39000
Andrew Garcia,29,Male,51000
Michelle Martinez,31,Female,56000
Joshua Robinson,27,Male,44000
Nicole Clark,26,Female,43000
Ryan Rodriguez,32,Male,60000
Samantha Lewis,23,Female,35000
Kevin Lee,35,Male,72000
Rachel Walker,28,Female,49000
Brandon Hall,30,Male,54000
Kimberly Allen,29,Female,50000
Eric Young,33,Male,63000
Lisa Hernandez,25,Female,40000
Jason King,31,Male,57000
Angela Wright,27,Female,45000
Justin Lopez,28,Male,48000
Melissa Hill,30,Female,53000
Aaron Scott,26,Male,41000
Crystal Green,32,Female,59000
Nathan Adams,34,Male,66000
Heather Baker,24,Female,37000
Jordan Gonzalez,29,Male,52000
Brittany Nelson,28,Female,46000
Tyler Carter,31,Male,61000
Vanessa Mitchell,25,Female,42000
Sean Perez,33,Male,64000
Tiffany Roberts,27,Female,44000
Carlos Turner,30,Male,56000
Monica Phillips,26,Female,43000
Keith Campbell,35,Male,70000
Jasmine Parker,24,Female,38000
Trevor Evans,32,Male,58000
Alexis Edwards,29,Female,49000
Blake Collins,28,Male,47000
Danielle Stewart,31,Female,55000
Corey Sanchez,27,Male,45000
Brianna Morris,25,Female,41000
